-- Generated by scripts/export-csv-to-d1.mjs
-- Source directory: /Users/gm/個人/プログラム/東海大学ソフトテニス部HP/吸取データベース
-- Generated at: 2026-04-29T12:57:05.126Z

PRAGMA defer_foreign_keys = ON;

DELETE FROM match_games;
DELETE FROM matches;
DELETE FROM annual_schedules;
DELETE FROM tournaments;
DELETE FROM opponent_players;
DELETE FROM players;
DELETE FROM staff;
DELETE FROM teams;
DELETE FROM posts;
DELETE FROM maintenance_settings;
DELETE FROM media_assets;

INSERT INTO posts (id, title, content, publish_date, header_image, images, created_at, updated_at) VALUES
('16b8ae05-98d1-4e84-9c74-a91be9989cce', '2026年度合宿', '3月6日から10日にかけて茨城県大子町にて合宿を実施しています。大子町様のご支援（テニスコート利用料やスポーツドリンク）に心より感謝申し上げます。
3月8日には小中高生に向けて講習会を行いました。交流する機会も少ない為貴重な経験となりました。
今シーズンも皆様のご応援に感謝し、結果でお返しできるよう頑張りますので引き続きご声援をよろしくお願いいたします。

【大子広域公園フォレスパ大子】
https://www.forespa-daigo.jp/', '2026-03-10 08:00:00+00', 'https://bfdkmicqyvirpzginkia.supabase.co/storage/v1/object/public/images/0.6102904560875099.jpeg', '["https://bfdkmicqyvirpzginkia.supabase.co/storage/v1/object/public/images/0.7907990844478072.jpeg"]', '2026-03-10 08:00:00+00', '2026-03-10 08:00:00+00'),
('1c106ac1-48c2-4fe7-8ec9-4711268d14e2', '２０２５年度関東オープン', '【1日目】
本日、千葉県総合スポーツセンターテニスコートにて2025年度関東オープンが行われました。
雨の為ベスト64まで試合を行いました。以下の4ペアは4月29日に有明テニスの森コートにてベスト32決めから試合が行われます。引き続き応援よろしくお願いいたします。

【2日目】
本日関東オープン2日目が有明テニスの森にて行われました。最終結果は以下の通りです。ご声援ありがとうございました。
-最終結果-
鍛代反保ベスト16
高橋鳥竹ベスト32
脇田村松ベスト64
根津林ベスト64', '2025-04-29 12:00:00+00', 'https://bfdkmicqyvirpzginkia.supabase.co/storage/v1/object/public/images/0.5575156619273033.jpg', '[]', '2025-04-29 12:00:00+00', '2025-04-29 12:00:00+00'),
('1d14e037-0691-4731-8588-30406f0ed2bd', '2025年度関東学生シングルス', '5月3日から4日にかけて、青木町公園、早稲田、駿河、立教大学会場にて関東学生シングルスが行われました。松本隼(4年生)
木村奏都(3年生)の２名がベスト１６まで進むことができ、9月3日に千葉県にて開催される全日本学生シングルス選手権大会への出場が確定しました。
たくさんのご声援ありがとうございました。

-最終結果-
ベスト１６
松本隼(4年生)
木村奏都(3年生)

ベスト３２
大家健慎(1年生)', '2025-05-04 10:00:00+00', 'https://bfdkmicqyvirpzginkia.supabase.co/storage/v1/object/public/images/0.25543061675433687.png', '[]', '2025-05-04 10:00:00+00', '2025-05-04 10:00:00+00'),
('499e19b5-25ec-4588-beb8-433441b3c396', '２０２５年度合宿', '3月17日から21日にかけて茨城県大子町にて合宿を実施しています。大子町様のご支援（テニスコート利用料やスポーツドリンク）に心より感謝申し上げます。
3月18日には小中高生に向けて講習会を行いました。交流する機会も少ない為貴重な経験となりました。
今シーズンも皆様のご応援に感謝し、結果でお返しできるよう頑張りますので引き続きご声援をよろしくお願いいたします。

【大子広域公園フォレスパ大子】
https://www.forespa-daigo.jp/', '2025-03-21 12:00:00+00', 'https://bfdkmicqyvirpzginkia.supabase.co/storage/v1/object/public/images/0.16699856802263824.jpg', '["https://bfdkmicqyvirpzginkia.supabase.co/storage/v1/object/public/images/0.5061251277751492.jpg"]', '2025-03-21 12:00:00+00', '2025-03-21 12:00:00+00'),
('65c1314a-a37b-4660-a2d9-42454fd109c0', '２０２５年度春季首都学生リーグ戦', '４月１９日、２０日にかけて東海大学湘南キャンパスにて春季首都リーグ(1部)が行われました。

-最終結果-
3勝2敗ー2位

勝⑤-2 vs駿河台大学
勝⑥-1 vs城西大学
負3-④ vs帝京大学
勝⑥-1 vs専修大学
負2-④ vs國學院大学

たくさんのご声援ありがとうございました。', '2025-04-20 11:00:00+00', 'https://bfdkmicqyvirpzginkia.supabase.co/storage/v1/object/public/images/0.7778094530986286.jpg', '[]', '2025-04-20 11:00:00+00', '2025-04-20 11:00:00+00'),
('9906cfbc-47be-4301-bdd1-0d922aa9c1ec', '公式ホームページ開設のお知らせ', '平素よりお世話になっております。東海大学体育会男子ソフトテニス部です。
このたび、当部の公式ホームページを開設いたしましたことをご報告申し上げます。
本ホームページでは、大会の日程や最新の試合結果、選手・スタッフの紹介、活動の様子など、当部に関するさまざまな情報を随時発信してまいります。これまで以上に部の活動を身近に感じていただける内容となっておりますので、ぜひご覧いただけますと幸いです。
今後とも、東海大学体育会男子ソフトテニス部へのご支援・ご声援を賜りますよう、何卒よろしくお願い申し上げます。', '2025-04-16 15:00:40+00', 'https://bfdkmicqyvirpzginkia.supabase.co/storage/v1/object/public/images/0.1463267970384916.png', '[]', '2025-04-16 15:00:40+00', '2025-04-16 15:00:40+00'),
('b7e6244e-3790-4f15-84cb-80268a968799', '2025年度関東学生春季リーグ戦', '5戦5勝で2部リーグ優勝することが出来ました。たくさんの応援ありがとうございました。
1部昇格戦に向け、今一度チーム一丸となり頑張りますので引き続き応援よろしくお願いします。
写真提供:ぉまみ', '2025-05-11 11:00:00+00', 'https://bfdkmicqyvirpzginkia.supabase.co/storage/v1/object/public/images/0.24386251770391332.png', '["https://bfdkmicqyvirpzginkia.supabase.co/storage/v1/object/public/images/0.16077481078503142.jpeg","https://bfdkmicqyvirpzginkia.supabase.co/storage/v1/object/public/images/0.9971744044629166.png"]', '2025-05-11 11:00:00+00', '2025-05-11 11:00:00+00'),
('be0dbf9b-8a90-4e1d-9fac-b82b4e1c9562', '東日本学生選手権', '最終結果ｰ
第2位
木村・松本2-⑤橋場・菊山

昨日から開催されておりました東日本学生選手権にて、木村・松本ペアが決勝まで勝ち残り、準優勝しました。
応援ありがとうございました。', '2025-07-08 06:30:00+00', 'https://bfdkmicqyvirpzginkia.supabase.co/storage/v1/object/public/images/0.23262847194938263.png', '[]', '2025-07-08 06:30:00+00', '2025-07-08 06:30:00+00'),
('c819f410-752b-495e-84bb-a8f60e152c1e', '２０２４年度四送会', '本日、東海大学湘南キャンパスにて卒業式、及び四送会が行われました。4年生の皆さん4年間ありがとうございました。
2022年に春リーグ１部昇格や2023年にはインカレベスト8など、チームに対して多大なる功績を残してくださいました。
これからは社会人として頑張ってください。', '2025-03-26 10:00:00+00', 'https://pbs.twimg.com/media/Gm4p6fIbIAATiLV?format=jpg&name=medium', '["https://bfdkmicqyvirpzginkia.supabase.co/storage/v1/object/public/images/0.486030913974287.jpg"]', '2025-03-26 10:00:00+00', '2025-03-26 10:00:00+00'),
('d1896126-5896-48bc-abff-dbd2a3cf63c3', '東日本学生選手権シングルス', 'ｰ最終結果ｰ
大家健慎2-④佐藤駿丞(日本体育大学)
ベスト8

7月8、9日に行われた東日本学生選手権、シングルスにて大家健慎(1年)がインカレ出場枠を獲得しましたのでご報告いたします。応援ありがとうございました。
', '2025-07-09 08:00:00+00', 'https://bfdkmicqyvirpzginkia.supabase.co/storage/v1/object/public/images/0.37812647881120054.png', '[]', '2025-07-09 08:00:00+00', '2025-07-09 08:00:00+00'),
('dc770dc8-fdea-4466-8319-13616e5501e6', '2025年度関東学生選手権大会', '本日5月12日に千葉県白子町にて関東学生選手権大会が行われました。東海大学は木村松本、青木松野、菊田尾形の3ペアが8月30日、31日に行われる全日本大学対抗ソフトテニス選手権大会へ出場が確定しました。たくさんの応援ありがとうございました。', '2025-05-11 23:00:00+00', 'https://bfdkmicqyvirpzginkia.supabase.co/storage/v1/object/public/images/0.3152540467880913.png', '[]', '2025-05-11 23:00:00+00', '2025-05-11 23:00:00+00'),
('e90861f0-a9cc-4e44-a4d5-857497fea773', '2025年度全日本シングルス', '本日5月17日から18日にかけて、宮崎県にて全日本シングルスが行われました。東海大学からは松本隼(4年生)、保利彰大(1年生)の2名が出場しました。

-最終結果-
松本隼④-2山ロ柊（嬉野高校）
松本隼④-2米川雅翔（明治大学)
松本隼④-2幡谷康平 (NTT東日本東京) 
松本隼3-④上松俊貴(NTT西日本)
ベスト32

保利彰大2-④金子凜(松本市役所)
初戦敗退', '2025-05-18 11:00:00+00', 'https://bfdkmicqyvirpzginkia.supabase.co/storage/v1/object/public/images/0.36643999854211806.png', '[]', '2025-05-18 11:00:00+00', '2025-05-18 11:00:00+00'),
('ff4876c2-5396-4d1a-8f9d-5b4a89aafd8e', '2025年度春季関東学生リーグ １部昇格', 'このたび早稲田大学に勝利し、1部昇格を果たすことができました。日頃よりご支援、ご声援をいただいている皆様に、心より感謝申し上げます。今後とも応援のほどよろしくお願いいたします。

-最終スコア-

東海大学③-2早稲田大学

1, 木村 藤田⑤-3浦濵 大竹
2, 大家 村松3-⑤高田 松本
3, 松本隼④-0伊藤幹太
4, 青木 反保2-⑤一ノ宮 安達
5, 乾 松野⑤-3根田 飯干', '2025-06-01 11:00:00+00', 'https://bfdkmicqyvirpzginkia.supabase.co/storage/v1/object/public/images/0.7565067801524927.png', '["https://pbs.twimg.com/media/GsXUdyYa4AAwNoi?format=jpg&name=900x900"]', '2025-06-01 11:00:00+00', '2025-06-01 11:00:00+00');

INSERT INTO players (id, first_name, last_name, first_name_kana, last_name_kana, grade, position, school, admission_type, image, usage_count, created_at, updated_at) VALUES
('0014bd13-cbfd-43c2-9683-abd638369c7e', '太陽', '水野', 'たいよう', 'みずの', 2, '前衛', '北越高等学校', '学科課題型', 'https://bfdkmicqyvirpzginkia.supabase.co/storage/v1/object/public/images/0.28660232698536603.jpg', 0, '2026-04-29T12:57:05.113Z', '2026-04-29T12:57:05.114Z'),
('047c2975-5702-4019-806a-9fb4da448fcb', '温斗', '佐川', 'はると', 'さがわ', 3, '前衛', '東海大学付属相模高等学校', '', 'https://bfdkmicqyvirpzginkia.supabase.co/storage/v1/object/public/images/0.895373373314402.jpeg', 19, '2026-04-29T12:57:05.114Z', '2026-04-29T12:57:05.114Z'),
('04943bbd-cb7c-499e-8093-1e71761b7159', '義仁', '菊田', 'よしひと', 'きくた', 2, '後衛', '聖ウルスラ学院英智高等学校', 'スポーツ・音楽自己推薦型', 'https://bfdkmicqyvirpzginkia.supabase.co/storage/v1/object/public/images/0.9267408608876063.jpeg', 9, '2026-04-29T12:57:05.114Z', '2026-04-29T12:57:05.114Z'),
('14c5aa90-6b0d-4318-8e6f-8bdfe4e87eee', '雄大', '遠藤', 'ゆうだい', 'えんどう', 3, '前衛', '東海大学付属高輪台高等学校', '', 'https://bfdkmicqyvirpzginkia.supabase.co/storage/v1/object/public/images/0.31953243528619524.jpeg', 0, '2026-04-29T12:57:05.114Z', '2026-04-29T12:57:05.114Z'),
('30bbde82-627e-40b7-8be1-2322e5e9181f', '来唯', '原川', 'らい', 'はらかわ', 4, '後衛', '山梨県青洲高等学校', 'スポーツ・音楽自己推薦型', 'https://pbs.twimg.com/media/F0LW4aRaIAEX9zU?format=jpg&name=medium', 0, '2026-04-29T12:57:05.114Z', '2026-04-29T12:57:05.114Z'),
('382f003f-d870-4702-8d81-5b6a2d010b03', '大地', '市村', 'だいち', 'いちむら', 2, '前衛', '駒澤大学高等学校', 'スポーツ・音楽自己推薦型', 'https://bfdkmicqyvirpzginkia.supabase.co/storage/v1/object/public/images/0.1930544610241689.jpeg', 16, '2026-04-29T12:57:05.114Z', '2026-04-29T12:57:05.114Z'),
('43b1d96c-8551-4c14-a55c-8a247d7fdc70', '明音', '西舘', 'みんと', 'にしだて', 3, '前衛', '東海大菅生高等学校', '', 'https://bfdkmicqyvirpzginkia.supabase.co/storage/v1/object/public/images/0.60854366143091.jpeg', 7, '2026-04-29T12:57:05.114Z', '2026-04-29T12:57:05.114Z'),
('50829f6c-fb80-436f-be02-f501b41c14a7', '龍賀', '鈴木', 'たつが', 'すずき', 1, '前衛', '三島学園知徳高等学校', '公募制学校推薦選抜', NULL, 0, '2026-04-29T12:57:05.114Z', '2026-04-29T12:57:05.114Z'),
('6311ba74-95d0-4009-9fad-2a0bbdcf7872', '琉惺', '高木', 'りゅうせい', 'たかぎ', 3, '前衛', '三重高等学校', 'スポーツ・音楽自己推薦型', 'https://bfdkmicqyvirpzginkia.supabase.co/storage/v1/object/public/images/0.6453674083564188.jpeg', 30, '2026-04-29T12:57:05.114Z', '2026-04-29T12:57:05.114Z'),
('64e2d563-228a-4b88-af9d-dd705590b668', '秀人', '成島', 'ひでと', 'なるしま', 2, '前衛', '三浦学苑高等学校', '公募制学校推薦選抜', 'https://bfdkmicqyvirpzginkia.supabase.co/storage/v1/object/public/images/0.21301022273647452.jpeg', 8, '2026-04-29T12:57:05.114Z', '2026-04-29T12:57:05.114Z'),
('6758b6cc-a888-4321-8940-d55ea74aa677', '純希', '新妻', 'じゅんき', 'にいずま', 1, '前衛', '学校法人石川高等学校', 'スポーツ・音楽自己推薦型', NULL, 0, '2026-04-29T12:57:05.114Z', '2026-04-29T12:57:05.114Z'),
('67607872-42e1-4273-b6dd-67af08b557eb', '煌大', '根津', 'こうた', 'ねつ', 2, '後衛', '尽誠学園高等学校', 'スポーツ・音楽自己推薦型', 'https://bfdkmicqyvirpzginkia.supabase.co/storage/v1/object/public/images/0.9349326900402177.jpg', 19, '2026-04-29T12:57:05.114Z', '2026-04-29T12:57:05.114Z'),
('6766fc12-2e32-4f2c-a778-fe1dc37bf794', '丞太郎', '大倉', 'じょうたろう', 'おおくら', 3, '後衛', '木更津総合高等学校', 'スポーツ・音楽自己推薦型', 'https://pbs.twimg.com/media/GTXbJPObIAAxbW6?format=jpg&name=large', 6, '2026-04-29T12:57:05.114Z', '2026-04-29T12:57:05.114Z'),
('6cb1a338-e62a-48b9-8022-dcda4c214126', '稜空', '髙橋', 'りく', 'たかはし', 2, '後衛', '東海大学付属相模高校', '', 'https://bfdkmicqyvirpzginkia.supabase.co/storage/v1/object/public/images/0.706604906731462.jpeg', 8, '2026-04-29T12:57:05.114Z', '2026-04-29T12:57:05.114Z'),
('748cf2f4-f3fb-479c-bfa8-ce4e94743451', '聖', '小田倉', 'しょう', 'おだくら', 4, '後衛', '水城高等学校', '', 'https://pbs.twimg.com/media/F0LVeupaQAAJxgY?format=jpg&name=medium', 0, '2026-04-29T12:57:05.114Z', '2026-04-29T12:57:05.114Z'),
('74fcf224-43f9-4e61-80c5-b05ca638c1c4', '元旗', '村瀬', 'げんき', 'むらせ', 3, '前衛', '東海大学付属高輪台高等学校', '', 'https://bfdkmicqyvirpzginkia.supabase.co/storage/v1/object/public/images/0.6410052304078632.jpeg', 0, '2026-04-29T12:57:05.114Z', '2026-04-29T12:57:05.114Z'),
('7b84c51b-e0f7-4c4a-bc25-ea2463fe4f78', '大翔', '鎌田', 'ひろと', 'かまた', 3, '後衛', '武蔵野大学附属千代田高等学院', '', 'https://bfdkmicqyvirpzginkia.supabase.co/storage/v1/object/public/images/0.044930465774826955.jpeg', 0, '2026-04-29T12:57:05.114Z', '2026-04-29T12:57:05.114Z'),
('7c0a571b-5ccd-41a1-bf70-ea16ae551589', '聖弥', '半田', 'せいや', 'はんだ', 3, '前衛', '東北高等学校', 'スポーツ・音楽自己推薦型', 'https://pbs.twimg.com/media/GTXdMf3bkAAThQD?format=jpg&name=900x900', 8, '2026-04-29T12:57:05.114Z', '2026-04-29T12:57:05.114Z'),
('7c3123d2-9680-4943-aaa0-9675f8ebca45', '季弥', '唐澤', 'ときや', 'からさわ', 2, '後衛', '学法石川高等学校', 'スポーツ・音楽自己推薦型', 'https://bfdkmicqyvirpzginkia.supabase.co/storage/v1/object/public/images/0.561281452197226.jpeg', 6, '2026-04-29T12:57:05.114Z', '2026-04-29T12:57:05.114Z'),
('7ffae91c-f6a9-4c76-9820-9af3e3619718', '奏都', '木村', 'かなと', 'きむら', 4, '後衛', '東海大学付属相模高等学校', '', 'https://pbs.twimg.com/media/F0LUWnXaIAAA_lu?format=jpg&name=900x900', 95, '2026-04-29T12:57:05.114Z', '2026-04-29T12:57:05.114Z'),
('8050b89a-6e60-47ab-aea0-76b77d79abbd', '星那', '関谷', 'せな', 'せきや', 3, '後衛', '霞ヶ浦高等学校', '学科課題型', 'https://pbs.twimg.com/media/GTX0m-SagAEA1l7?format=jpg&name=900x900', 0, '2026-04-29T12:57:05.114Z', '2026-04-29T12:57:05.114Z'),
('839f0243-cfd2-4057-8049-b11102fc2549', '大陸', '八ッ橋', 'りく', 'やつはし', 3, '前衛', '静岡県知徳高等学校', 'スポーツ・音楽自己推薦型', 'https://pbs.twimg.com/media/GQ4zkZibwAc1jaY?format=jpg&name=medium', 7, '2026-04-29T12:57:05.114Z', '2026-04-29T12:57:05.114Z'),
('8e0ac4c0-4a0b-49d0-8917-36b08f989e92', '楓雅', '乾', 'ふうが', 'いぬい', 2, '後衛', '富士宮北高等学校', 'スポーツ・音楽自己推薦型', 'https://bfdkmicqyvirpzginkia.supabase.co/storage/v1/object/public/images/0.5717919872901779.jpg', 77, '2026-04-29T12:57:05.114Z', '2026-04-29T12:57:05.114Z'),
('8ef21625-a795-47ba-8641-a05b5fcb4868', '健慎', '大家', 'けんしん', 'おおいえ', 2, '後衛', '富山県立桜井高等学校', '', 'https://bfdkmicqyvirpzginkia.supabase.co/storage/v1/object/public/images/0.5494521651484515.jpeg', 79, '2026-04-29T12:57:05.114Z', '2026-04-29T12:57:05.114Z'),
('a9a3cab5-39c5-4f61-a491-d3edeb754987', '悠', '間瀬', 'ゆう', 'ませ', 3, '前衛', '大同大学大同高等学校', 'スポーツ・音楽自己推薦型', 'https://pbs.twimg.com/media/GTXevb1agAATp7c?format=jpg&name=900x900', 0, '2026-04-29T12:57:05.114Z', '2026-04-29T12:57:05.114Z'),
('ae472782-c52b-47a6-91c6-277626f9f0c6', '真尋', '青木', 'まひろ', 'あおき', 3, '後衛', '神奈川県立秦野高等学校', '公募制学校推薦選抜', 'https://pbs.twimg.com/media/GQ4xE1EaQAEK2-w?format=jpg&name=900x900', 48, '2026-04-29T12:57:05.114Z', '2026-04-29T12:57:05.114Z'),
('b118e7b4-f7f4-458f-9817-27419c34e4b7', '大吉', '脇田', 'だいきち', 'わきた', 3, '後衛', '東海大学附属相模高等学校', '', 'https://bfdkmicqyvirpzginkia.supabase.co/storage/v1/object/public/images/0.927931323983294.jpeg', 38, '2026-04-29T12:57:05.114Z', '2026-04-29T12:57:05.114Z'),
('b47741b6-dfdc-4ea6-98f3-2f9121cae0c7', '周真', '山崎', 'しゅうま', 'やまさき', 2, '後衛', '文化学園大学杉並高等学校', 'スポーツ・音楽自己推薦型', 'https://bfdkmicqyvirpzginkia.supabase.co/storage/v1/object/public/images/0.4111519914595356.jpg', 9, '2026-04-29T12:57:05.114Z', '2026-04-29T12:57:05.114Z'),
('bfc6e2a1-721a-48a6-88c0-f527db9ecc68', '颯汰', '藤田', 'そうた', 'ふじた', 4, '前衛', '東海大学付属相模高等学校', '', 'https://pbs.twimg.com/media/F0Y7-o8aEAAEqax?format=jpg&name=900x900', 59, '2026-04-29T12:57:05.114Z', '2026-04-29T12:57:05.114Z'),
('c62a2667-5920-4810-8db7-141debdcf6da', '柊生', '鳥竹', 'とうい', 'とりたけ', 2, '前衛', '石川県立能登高等学校', 'スポーツ・音楽自己推薦型', 'https://bfdkmicqyvirpzginkia.supabase.co/storage/v1/object/public/images/0.5135636259455959.jpeg', 10, '2026-04-29T12:57:05.114Z', '2026-04-29T12:57:05.114Z'),
('cb22bf5b-6b93-4ffd-9adb-525ee7e5ed55', '青緯', '沼田', 'あおい', 'ぬまた', 4, '後衛', '明秀学園日立高等学校', 'スポーツ・音楽自己推薦型', 'https://pbs.twimg.com/media/F0LUmA8akAEBoOA?format=jpg&name=900x900', 32, '2026-04-29T12:57:05.114Z', '2026-04-29T12:57:05.114Z'),
('d785d9d3-bae4-4a02-b2ab-d9bec99d1974', '誠太郎', '柴', 'せいたろう', 'しば', 3, '後衛', '徳島県立徳島科学技術高等学校', 'スポーツ・音楽自己推薦型', 'https://bfdkmicqyvirpzginkia.supabase.co/storage/v1/object/public/images/0.6000263477161072.jpeg', 9, '2026-04-29T12:57:05.114Z', '2026-04-29T12:57:05.114Z'),
('d9c906a7-7d0b-4a9f-b202-1cf0785872ee', '大那', '湯淺', 'だいな', 'ゆあさ', 3, '前衛', '富士宮北高等学校', 'スポーツ・音楽自己推薦型', 'https://pbs.twimg.com/media/GQ4yxV4acAAs_qS?format=jpg&name=900x900', 7, '2026-04-29T12:57:05.115Z', '2026-04-29T12:57:05.115Z'),
('df835f2b-8c4a-4356-b793-59dee2216165', '優', '村松', 'ゆう', 'むらまつ', 3, '前衛', '敬愛学園高等学校', 'スポーツ・音楽自己推薦型', 'https://bfdkmicqyvirpzginkia.supabase.co/storage/v1/object/public/images/0.42166108312551154.jpeg', 55, '2026-04-29T12:57:05.115Z', '2026-04-29T12:57:05.115Z'),
('e2ccb92e-14c0-4e8e-82c5-7f56aad5291b', '皐聖', '反保', 'こうせい', 'たんぼ', 4, '前衛', '石川県立能登高等学校', 'スポーツ・音楽自己推薦型', 'https://pbs.twimg.com/media/F0Y68p7aAAIxPXN?format=jpg&name=900x900', 32, '2026-04-29T12:57:05.115Z', '2026-04-29T12:57:05.115Z'),
('f131d918-fdb2-4c1b-a256-339f287e2aba', '健瑚', '山中', 'けんご', 'やまなか', 2, '後衛', '石川県立金沢伏見高等学校', '文系・理系学部統一選抜（前期・後期）', 'https://bfdkmicqyvirpzginkia.supabase.co/storage/v1/object/public/images/0.550743247024889.jpg', 0, '2026-04-29T12:57:05.115Z', '2026-04-29T12:57:05.115Z'),
('f438f472-a887-4b0f-bf4d-f0e6b4015e85', '遼太郎', '松村', 'りょうたろう', 'まつむら', 4, '後衛', '高崎健康福祉大学高崎高等学校', '公募制学校推薦選抜', 'https://pbs.twimg.com/media/F0LXzx0akAEWHbi?format=jpg&name=medium', 7, '2026-04-29T12:57:05.115Z', '2026-04-29T12:57:05.115Z'),
('f7cc200e-5354-40de-b900-24969dd99914', '佑紀人', '高梨', 'ゆきと', 'たかなし', 4, '前衛', '水戸葵陵高等学校', '', 'https://pbs.twimg.com/media/F0Y7p_8akAAC_Sy?format=jpg&name=900x900', 0, '2026-04-29T12:57:05.115Z', '2026-04-29T12:57:05.115Z'),
('f8620f10-a15d-4b52-adab-1bee47459ca9', '彰大', '保利', 'あらた', 'やすり', 2, '後衛', '栃木県立宇都宮工業高校', 'スポーツ・音楽自己推薦型', 'https://bfdkmicqyvirpzginkia.supabase.co/storage/v1/object/public/images/0.9398254988223079.jpg', 7, '2026-04-29T12:57:05.115Z', '2026-04-29T12:57:05.115Z');

INSERT INTO staff (id, first_name, last_name, first_name_kana, last_name_kana, position, school, image, created_at, updated_at) VALUES
('c2b592b0-0c02-47de-b34b-9ea76e00e0ff', '和久', '古谷', 'かずひさ', 'ふるや', '監督', '東海大学', 'https://bfdkmicqyvirpzginkia.supabase.co/storage/v1/object/public/images/0.5374212056481333.jpg', '2026-04-29T12:57:05.117Z', '2026-04-29T12:57:05.117Z'),
('e53982b0-f315-4833-b5f9-a75dc907bfcf', '晃来', '小野', 'あきら', 'おの', 'コーチ', '東海大学', 'https://bfdkmicqyvirpzginkia.supabase.co/storage/v1/object/public/images/0.30897189834195304.jpeg', '2026-04-29T12:57:05.117Z', '2026-04-29T12:57:05.117Z');

INSERT INTO tournaments (id, name, start_date, end_date, location, is_active, created_at, updated_at) VALUES
('39d80f8a-c2b0-4a4f-8d4c-e215c859b581', '2025年度関東学生秋季リーグ戦', '2026-04-12', '2026-04-12', '千葉総合公園', 0, '2025-11-14 10:04:22.086388+00', '2026-04-18 21:53:44.545868+00'),
('3fdd4760-f781-4b40-bfab-0051df0998cc', '2025年度春季首都リーグ', '2025-04-19', '2025-04-20', '東海大学湘南校舎テニスコート', 0, '2025-04-16 03:40:01.821446+00', '2025-05-13 22:48:25.862375+00'),
('7d67c20d-8f4c-4517-8587-6892120c7668', '東日本学生大学対抗', '2025-07-05', '2025-07-06', '千葉県白子町', 0, '2025-05-20 01:31:00.470849+00', '2025-05-20 01:31:00.470849+00'),
('8f40d66b-e8a7-4805-991c-20e582bd124d', '2025年度関東学生春季リーグ戦', '2025-05-10', '2025-05-11', '千葉県白子町', 0, '2025-04-16 04:37:08.823118+00', '2025-05-13 22:47:38.636262+00'),
('b8f85b70-f22a-4632-8566-d48119992528', '2025年度首都学生秋季リーグ戦', '2025-09-20', '2025-09-20', '東海大学湘南キャンパス', 0, '2025-09-20 00:01:29.361853+00', '2025-11-03 07:16:06.662665+00'),
('fabf244a-d733-423f-b969-8740659f73ba', '2025年度全日本大学対抗ソフトテニス選手権大会', '2025-08-30', '2025-08-31', '千葉県', 0, '2025-04-16 04:38:57.259432+00', '2025-05-13 22:48:14.417046+00');

INSERT INTO matches (id, tournament_id, team1_id, team2_id, team1_name, team2_name, team1_score, team2_score, status, court_number, start_time, end_time, round, notes, year, result, created_at, updated_at) VALUES
('071221a8-ed4c-472f-8058-8596014a8ab1', 'fabf244a-d733-423f-b969-8740659f73ba', '24871914-e250-48a4-a547-1a616bd4a877', 'b079cc27-64af-4b45-835d-3b52d7467fee', '東海大学', '日本体育大学', 1, 3, 'completed', 'A-04', '2025-08-30 06:28:08.451+00', NULL, '第3対戦', '2巡目からは8/31に繰越', 2025, 'loss', '2025-08-30 06:31:31.662677+00', '2025-08-31 00:16:56.628372+00'),
('0d550963-4898-4772-a157-a0ffb6fafe50', 'b8f85b70-f22a-4632-8566-d48119992528', '24871914-e250-48a4-a547-1a616bd4a877', '0dc8a2e6-944f-41cf-8e0b-77a3fa422df6', '東海大学', '東京経済大学', 2, 3, 'completed', '9,10', '2025-09-21 01:45:00+00', NULL, '第4対戦', NULL, 2025, 'loss', '2025-09-21 01:38:34.625058+00', '2025-09-21 02:35:54.623128+00'),
('14953216-c706-4f0c-9f95-6e7f5b2b2cad', '3fdd4760-f781-4b40-bfab-0051df0998cc', '24871914-e250-48a4-a547-1a616bd4a877', '4d259cec-f168-4445-968f-8057e985acd9', '東海大学', '城西大学', 6, 1, 'completed', '9、10', '2025-04-19 03:00:00+00', NULL, '第2対戦', NULL, 2025, 'win', '2025-04-19 09:30:58.503449+00', '2025-07-11 11:39:33.928646+00'),
('16ba5095-27e7-4d9b-8c30-5a0a2e7f90d7', 'fabf244a-d733-423f-b969-8740659f73ba', '24871914-e250-48a4-a547-1a616bd4a877', NULL, '東海大学', '天理大学', 3, 2, 'completed', 'B-05,06', '2025-08-30 05:48:27.307+00', NULL, '第2対戦', NULL, 2025, 'win', '2025-08-30 05:52:04.500515+00', '2025-08-30 06:31:52.47991+00'),
('1be7f6e0-7163-4e7d-8567-45cc78d9d5ce', '3fdd4760-f781-4b40-bfab-0051df0998cc', '24871914-e250-48a4-a547-1a616bd4a877', 'd52fb3d1-1181-40b7-9faa-8b001d4c2361', '東海大学', '専修大学', 6, 1, 'completed', '9、10', '2025-04-20 00:30:00+00', NULL, '第4対戦', NULL, 2025, 'win', '2025-04-19 23:56:24.931216+00', '2025-07-11 11:39:59.220979+00'),
('286cf880-b68b-4c07-b1fa-3c3b24639fcd', '39d80f8a-c2b0-4a4f-8d4c-e215c859b581', '24871914-e250-48a4-a547-1a616bd4a877', 'b8fc3a05-9cb9-4af9-a182-f2d706598727', '東海大学', '法政大学', 1, 4, 'completed', 'A04.05', '2025-11-16 00:00:00+00', NULL, '第4対戦', NULL, 2025, 'loss', '2025-11-14 10:06:02.19036+00', '2025-11-16 01:19:49.232025+00'),
('2b235221-fbf4-4712-b0a1-b5af25534313', '39d80f8a-c2b0-4a4f-8d4c-e215c859b581', NULL, '8c1258e9-4bc8-47d7-ad48-6f49110f36a9', '東海大学', '國學院大学', 2, 3, 'completed', 'A04.05', '2025-11-16 02:30:00+00', NULL, '第5対戦', NULL, 2025, 'loss', '2025-11-14 10:10:38.059296+00', '2025-11-16 04:40:02.199894+00'),
('2eae3895-47f2-44ba-8f7b-470c5b848772', 'b8f85b70-f22a-4632-8566-d48119992528', '24871914-e250-48a4-a547-1a616bd4a877', '4d259cec-f168-4445-968f-8057e985acd9', '東海大学', '城西大学', 2, 3, 'completed', '9,10', '2025-09-20 04:30:00+00', NULL, '第3体戦', NULL, 2025, 'loss', '2025-09-20 04:23:15.213161+00', '2025-09-21 01:25:19.394689+00'),
('4098162d-ceea-4304-b9fa-bf53040e6bac', 'fabf244a-d733-423f-b969-8740659f73ba', '24871914-e250-48a4-a547-1a616bd4a877', NULL, '東海大学', '金沢工業大学', 3, 0, 'completed', 'B-05', '2025-08-30 05:43:30.91+00', NULL, '第1対戦', NULL, 2025, 'win', '2025-08-30 05:44:14.943097+00', '2025-09-15 03:13:25.466025+00'),
('49d00721-5fbe-470f-8263-4ee9da7fdd53', 'b8f85b70-f22a-4632-8566-d48119992528', '24871914-e250-48a4-a547-1a616bd4a877', '2850684b-bec4-4d9d-a6cf-1c9d45dcb19a', '東海大学', '帝京大学', 3, 2, 'completed', '9,10', '2025-09-20 00:01:39.45+00', NULL, '第１対戦', NULL, 2025, 'win', '2025-09-20 00:17:07.734789+00', '2025-09-20 02:25:07.384944+00'),
('4c8a413f-f8e2-413f-b3f2-73200759d77a', '8f40d66b-e8a7-4805-991c-20e582bd124d', '24871914-e250-48a4-a547-1a616bd4a877', '02933edb-1ba8-4af1-80c7-c1eb0c58ceaa', '東海大学', '立教大学', 3, 2, 'completed', '04', '2025-05-11 06:00:00+00', NULL, '第5対戦', NULL, 2025, 'win', '2025-05-10 09:37:08.432696+00', '2025-07-11 13:52:25.907591+00'),
('51a47f06-1464-4cda-a9c0-513c192d0498', '3fdd4760-f781-4b40-bfab-0051df0998cc', '24871914-e250-48a4-a547-1a616bd4a877', '2850684b-bec4-4d9d-a6cf-1c9d45dcb19a', '東海大学', '帝京大学', 3, 4, 'completed', '９、１０', '2025-04-19 05:00:00+00', NULL, '第３対戦', NULL, 2025, 'loss', '2025-04-19 11:00:33.350892+00', '2025-05-20 05:15:08.475965+00'),
('5bd5a409-c83a-44cd-babb-afbf8b556b90', '39d80f8a-c2b0-4a4f-8d4c-e215c859b581', NULL, '637dbc16-1f07-4d3a-aa02-3b787888751b', '東海大学', '中央大学', 1, 4, 'completed', 'A04.05', '2025-11-15 04:30:00+00', NULL, '第3対戦', NULL, 2025, 'loss', '2025-11-14 10:11:00.784424+00', '2025-11-15 13:06:35.594704+00'),
('67daf138-578d-48a1-955b-601929a8d629', '8f40d66b-e8a7-4805-991c-20e582bd124d', '24871914-e250-48a4-a547-1a616bd4a877', '2850684b-bec4-4d9d-a6cf-1c9d45dcb19a', '東海大学', '帝京大学', 4, 1, 'completed', '04', '2025-05-11 00:00:00+00', NULL, '第3対戦', NULL, 2025, 'win', '2025-05-09 14:13:59.607876+00', '2025-07-11 11:38:47.568126+00'),
('68b40ef5-9364-4e74-b260-ac3f71f07f64', '39d80f8a-c2b0-4a4f-8d4c-e215c859b581', NULL, '405500f4-f67c-48f9-a943-efd7c55fd3d5', '東海大学', '早稲田大学', 1, 3, 'completed', '01', '2025-11-23 00:30:00+00', NULL, '入れ替え戦', NULL, 2025, 'loss', '2025-11-22 23:41:14.667871+00', '2025-12-01 01:21:19.71159+00'),
('6b53d70b-5c2e-409a-ad83-988d672cfda4', 'b8f85b70-f22a-4632-8566-d48119992528', NULL, '8c1258e9-4bc8-47d7-ad48-6f49110f36a9', '東海大学', '國學院大学', 4, 1, 'completed', '11,12', '2025-09-21 03:00:00+00', NULL, '第5対戦', NULL, 2025, 'win', '2025-09-21 02:37:25.756334+00', '2025-09-24 04:58:40.635909+00'),
('74563c89-1b19-49cd-bbfd-d55892049840', '3fdd4760-f781-4b40-bfab-0051df0998cc', '24871914-e250-48a4-a547-1a616bd4a877', '70429b9d-108c-4af6-8b65-c9664e248ad7', '東海大学', '駿河台大学', 5, 2, 'completed', '９、１０', '2025-04-19 00:20:00+00', NULL, '第１対戦', NULL, 2025, 'win', '2025-04-19 09:14:24.070001+00', '2025-07-11 11:32:14.826675+00'),
('7c9c96af-42f4-4515-868d-7c68ba224430', '3fdd4760-f781-4b40-bfab-0051df0998cc', '24871914-e250-48a4-a547-1a616bd4a877', '8c1258e9-4bc8-47d7-ad48-6f49110f36a9', '東海大学', '國學院大学', 2, 4, 'completed', '9、10', '2025-04-20 02:15:00+00', NULL, '第5対戦', NULL, 2025, 'loss', '2025-04-19 23:57:00.117217+00', '2025-07-11 11:40:24.352727+00'),
('8008d123-5214-482a-8c4f-d6241413509c', '39d80f8a-c2b0-4a4f-8d4c-e215c859b581', NULL, 'dcaf67cc-2b6a-450b-a451-1db9c52e62d5', '東海大学', '明治大学', 2, 3, 'completed', 'A05.04', '2025-11-15 01:30:00+00', NULL, '第2対戦', NULL, 2025, 'loss', '2025-11-15 04:25:47.169054+00', '2025-11-15 11:46:04.475915+00'),
('8e95bc33-e13a-4118-b698-70be11861de7', '8f40d66b-e8a7-4805-991c-20e582bd124d', '24871914-e250-48a4-a547-1a616bd4a877', '405500f4-f67c-48f9-a943-efd7c55fd3d5', '東海大学', '早稲田大学', 3, 2, 'completed', '01', '2025-06-01 00:30:00+00', NULL, '入れ替え戦', NULL, 2025, 'win', '2025-05-19 23:32:30.284219+00', '2025-06-01 03:26:52.131067+00'),
('ab7c70da-332f-413c-8cfe-7437c9f56184', '7d67c20d-8f4c-4517-8587-6892120c7668', NULL, NULL, '東海大学A', '法政大学A', 2, 3, 'completed', 'A02', '2025-07-06 00:00:00+00', NULL, '5回戦', '青木高木1ー④森川初鹿
乾反保1ー④橋場菊山
木村松本④ー2田中野本
木村松本④ー2森川初鹿
木村松本3ー④(F3ー⑦)橋場菊山', 2025, 'loss', '2025-07-06 09:28:34.999613+00', '2025-07-11 11:28:06.897623+00'),
('bfcf32ff-4aac-4e33-a63d-9f94f8c34d8e', 'b8f85b70-f22a-4632-8566-d48119992528', '24871914-e250-48a4-a547-1a616bd4a877', '70429b9d-108c-4af6-8b65-c9664e248ad7', '東海大学', '駿河台大学', 3, 2, 'completed', '9,10', '2025-09-20 02:45:00+00', NULL, '第2体戦', NULL, 2025, 'win', '2025-09-20 02:30:12.950078+00', '2025-09-20 04:02:38.882302+00'),
('cf3186a9-cd5f-47d2-a47f-5dd079795523', '8f40d66b-e8a7-4805-991c-20e582bd124d', '24871914-e250-48a4-a547-1a616bd4a877', 'd52fb3d1-1181-40b7-9faa-8b001d4c2361', '東海大学', '専修大学', 3, 2, 'completed', '04', '2025-05-10 03:00:00+00', NULL, '第1対戦', NULL, 2025, 'win', '2025-05-09 03:39:44.872785+00', '2025-05-20 05:14:02.865434+00'),
('d197f99e-a90d-4ceb-8bdf-5adde1bcdd41', '8f40d66b-e8a7-4805-991c-20e582bd124d', '24871914-e250-48a4-a547-1a616bd4a877', '0dc8a2e6-944f-41cf-8e0b-77a3fa422df6', '東海大学', '東京経済大学', 5, 0, 'completed', '04', '2025-05-10 06:30:00+00', NULL, '第2対戦', NULL, 2025, 'win', '2025-05-09 06:21:41.311835+00', '2025-07-11 11:40:45.039744+00'),
('d92d4996-1060-49c0-8c7d-68bc142faf30', '39d80f8a-c2b0-4a4f-8d4c-e215c859b581', '24871914-e250-48a4-a547-1a616bd4a877', 'b079cc27-64af-4b45-835d-3b52d7467fee', '東海大学', '日本体育大学', 1, 4, 'completed', 'A01.02', '2025-11-15 00:00:00+00', NULL, '第1対戦', NULL, 2025, 'loss', '2025-11-14 10:05:32.789503+00', '2025-11-15 01:36:21.789265+00'),
('f66caa71-1573-4c52-a76d-3780883fe38c', '8f40d66b-e8a7-4805-991c-20e582bd124d', '24871914-e250-48a4-a547-1a616bd4a877', '9e9027ff-daf4-4241-af3d-19b2051c65b8', '東海大学', '東洋大学', 0, 0, 'completed', '04', '2025-05-11 03:00:00+00', NULL, '第4対戦', '東洋大学棄権のため勝利', 2025, 'win', '2025-05-10 09:36:21.837824+00', '2025-05-20 05:13:11.534226+00');

INSERT INTO match_games (id, match_id, game_type, game_number, team1_player1, team1_player2, team2_player1, team2_player2, team1_score, team2_score, result, created_at, updated_at) VALUES
('00016dc3-dd1c-4867-ab7a-0235fb87bd6e', 'd92d4996-1060-49c0-8c7d-68bc142faf30', 'doubles', 5, '乾 楓雅', '松野 晃大', '岩田', '安部', 5, 4, 'win', '2025-11-14 23:35:57.675535+00', '2025-11-14 23:35:57.675535+00'),
('0216e9eb-0448-4196-9ca4-66019e3648d3', 'cf3186a9-cd5f-47d2-a47f-5dd079795523', 'singles', 3, '松本隼', NULL, '萩原陽介', NULL, 4, 0, 'win', '2025-05-09 03:39:45.089283+00', '2025-05-09 03:39:45.089283+00'),
('04ea5baf-5273-42e8-bd8d-bbbd2784b684', '14953216-c706-4f0c-9f95-6e7f5b2b2cad', 'doubles', 2, '半田 聖弥', '成島 秀人', '渡邉', '近藤', 4, 0, 'win', '2025-04-19 09:30:58.563701+00', '2025-04-19 09:30:58.563701+00'),
('05d6e812-3f1e-4b53-8f47-0158fae29a68', 'cf3186a9-cd5f-47d2-a47f-5dd079795523', 'doubles', 2, '脇田', '村松', '岩田', '市川', 3, 5, 'loss', '2025-05-09 03:39:45.089283+00', '2025-05-09 03:39:45.089283+00'),
('06adf1f1-b48f-4d4c-b2f8-f022133f9e5a', '8e95bc33-e13a-4118-b698-70be11861de7', 'doubles', 1, '木村', '藤田', '浦濵', '大竹', 5, 3, 'win', '2025-05-19 23:32:55.833502+00', '2025-05-19 23:32:55.833502+00'),
('10bf0d1b-e63a-4008-a68d-86f98d78a455', '49d00721-5fbe-470f-8263-4ee9da7fdd53', 'doubles', 1, '根津 煌大', '市村 大地', '佃', '吉野', 4, 1, 'win', '2025-09-20 00:51:48.122384+00', '2025-09-20 00:51:48.122384+00'),
('12540fab-ca1f-42a7-a2c9-79a415d882d4', '7c9c96af-42f4-4515-868d-7c68ba224430', 'doubles', 6, '脇田 大吉', '村松 優', '今田', '國松', 0, 4, 'loss', '2025-04-19 23:57:00.236185+00', '2025-04-19 23:57:00.236185+00'),
('126fefa7-80b8-45e1-afd6-bace09436c53', '0d550963-4898-4772-a157-a0ffb6fafe50', 'doubles', 5, '青木 真尋', '反保 皐聖', '田中', '諸喜田', 0, 4, 'loss', '2025-09-21 01:45:52.778892+00', '2025-09-21 01:45:52.778892+00'),
('12848280-ce72-4fb3-9097-08d2cb2445dc', '6b53d70b-5c2e-409a-ad83-988d672cfda4', 'doubles', 5, '乾 楓雅', '反保 皐聖', '田川', '吉良', 4, 0, 'win', '2025-09-21 03:18:14.909382+00', '2025-09-21 03:18:14.909382+00'),
('145750e3-e96b-4173-a597-2f2e73f76f50', 'cf3186a9-cd5f-47d2-a47f-5dd079795523', 'doubles', 4, '青木', '反保', '鈴木', '佐藤', 5, 1, 'win', '2025-05-09 03:39:45.089283+00', '2025-05-09 03:39:45.089283+00'),
('15d00c13-7b3a-4079-abdc-3a6807ab873e', '0d550963-4898-4772-a157-a0ffb6fafe50', 'singles', 3, '大家 健慎', NULL, '千葉琉翔', NULL, 4, 0, 'win', '2025-09-21 01:45:52.778892+00', '2025-09-21 01:45:52.778892+00'),
('17aabc4d-3279-4ea0-a30e-c1c03023872b', '6b53d70b-5c2e-409a-ad83-988d672cfda4', 'doubles', 4, '青木 真尋', '高木 琉惺', '本杉', '吉村', 4, 2, 'win', '2025-09-21 03:18:14.909382+00', '2025-09-21 03:18:14.909382+00'),
('1c47be6c-8d9a-48ea-9610-50a233cd93bc', '68b40ef5-9364-4e74-b260-ac3f71f07f64', 'doubles', 1, '脇田 大吉', '村松 優', '一ノ宮', '安達', 2, 5, 'loss', '2025-11-23 00:37:12.642496+00', '2025-11-23 00:37:12.642496+00'),
('1ece6bc4-9229-4897-a4f6-d993a721aa4d', '5bd5a409-c83a-44cd-babb-afbf8b556b90', 'singles', 3, '大家 健慎', NULL, '鈴木 亮太郎', NULL, 1, 4, 'loss', '2025-11-15 04:32:42.814098+00', '2025-11-15 04:32:42.814098+00'),
('1f410b68-5404-4d04-b972-7ee0de4f6e1c', '68b40ef5-9364-4e74-b260-ac3f71f07f64', 'singles', 3, '大家 健慎', NULL, '伊藤幹太', NULL, 2, 4, 'loss', '2025-11-23 00:37:12.642496+00', '2025-11-23 00:37:12.642496+00'),
('20651e1a-09ab-4138-b7c7-fbc77c6f110b', '8e95bc33-e13a-4118-b698-70be11861de7', 'doubles', 2, '大家', '村松', '高田', '松本', 2, 5, 'loss', '2025-05-19 23:32:55.833502+00', '2025-05-19 23:32:55.833502+00'),
('20b8fbfa-884f-4d58-b084-135bf5f60d80', '2b235221-fbf4-4712-b0a1-b5af25534313', 'doubles', 5, '乾 楓雅', '松野 晃大', '今田', '吉村', 5, 4, 'win', '2025-11-16 02:19:16.674189+00', '2025-11-16 02:19:16.674189+00'),
('218410f4-2003-49d7-a6b4-913a04296f32', '286cf880-b68b-4c07-b1fa-3c3b24639fcd', 'doubles', 1, '木村 奏都', '松本 隼', '鈴木', '菊山', 5, 2, 'win', '2025-11-15 23:35:47.198308+00', '2025-11-15 23:35:47.198308+00'),
('22603f04-c419-4153-b183-98c3d6cb734e', '8e95bc33-e13a-4118-b698-70be11861de7', 'singles', 3, '松本隼', NULL, '伊藤幹太', NULL, 4, 0, 'win', '2025-05-19 23:32:55.833502+00', '2025-05-19 23:32:55.833502+00'),
('231da671-21c9-4897-8ddd-725a028d874d', '1be7f6e0-7163-4e7d-8567-45cc78d9d5ce', 'doubles', 1, '大家 健慎', '松本 隼', '萩原', '熊本', 4, 2, 'win', '2025-04-19 23:56:25.0951+00', '2025-04-19 23:56:25.0951+00'),
('24e030b6-49c0-44f9-aabc-d0af6594fe72', '8e95bc33-e13a-4118-b698-70be11861de7', 'doubles', 4, '青木', '反保', '一ノ宮', '足立', 2, 5, 'loss', '2025-05-19 23:32:55.833502+00', '2025-05-19 23:32:55.833502+00'),
('25215b3a-ae53-461e-819b-4f215a8bd340', '7c9c96af-42f4-4515-868d-7c68ba224430', 'doubles', 3, '乾 楓雅', '松野 晃大', '大和', '岩崎', 4, 1, 'win', '2025-04-19 23:57:00.236185+00', '2025-04-19 23:57:00.236185+00'),
('2b0d992c-9819-4b25-84ef-365ceea4a0fd', '67daf138-578d-48a1-955b-601929a8d629', 'doubles', 1, '木村 奏都', '林 亮輔', '相澤', '真下', 5, 4, 'win', '2025-05-09 14:13:59.829669+00', '2025-05-09 14:13:59.829669+00'),
('2d1ffa25-c679-4bed-85db-6e664cb35bc4', '1be7f6e0-7163-4e7d-8567-45cc78d9d5ce', 'doubles', 3, '沼田 青緯', '藤田 颯汰', '岩田', '後閑', 4, 2, 'win', '2025-04-19 23:56:25.0951+00', '2025-04-19 23:56:25.0951+00'),
('2de99d46-954f-49c0-b638-f5cc533b3e4c', '286cf880-b68b-4c07-b1fa-3c3b24639fcd', 'doubles', 5, '乾 楓雅', '松野 晃大', '高橋', '広岡', 2, 5, 'loss', '2025-11-15 23:35:47.198308+00', '2025-11-15 23:35:47.198308+00'),
('3773c5de-6b2e-4292-841e-d9f10424acdd', '2eae3895-47f2-44ba-8f7b-470c5b848772', 'singles', 3, '保利 彰大', NULL, '菊池愛叶', NULL, 4, 2, 'win', '2025-09-20 04:36:59.529926+00', '2025-09-20 04:36:59.529926+00'),
('3827ed03-24a5-408c-b962-f19cdcb55c1b', '14953216-c706-4f0c-9f95-6e7f5b2b2cad', 'doubles', 6, '根津 煌大', '林 亮輔', '堀内', '宮崎', 4, 2, 'win', '2025-04-19 09:30:58.563701+00', '2025-04-19 09:30:58.563701+00'),
('3b058250-c0ab-47b2-9d6b-ce7db70cb7f3', '0d550963-4898-4772-a157-a0ffb6fafe50', 'doubles', 4, '菊田 義仁', '湯淺 大那', '渡邉', '小野', 4, 2, 'win', '2025-09-21 01:45:52.778892+00', '2025-09-21 01:45:52.778892+00'),
('3c35b228-362b-47b1-affe-99fcc55d385d', '16ba5095-27e7-4d9b-8c30-5a0a2e7f90d7', 'doubles', 1, '大家 健慎', '藤田 颯汰', '川口', '辻', 1, 4, 'loss', '2025-08-30 05:52:04.736855+00', '2025-08-30 05:52:04.736855+00'),
('3c507445-92f6-4818-ab87-8fde12601d3b', '2eae3895-47f2-44ba-8f7b-470c5b848772', 'doubles', 2, '木村 奏都', '村松 優', '土方', '佐藤', 3, 4, 'loss', '2025-09-20 04:36:59.529926+00', '2025-09-20 04:36:59.529926+00'),
('3d377b72-dffa-4504-ad68-dbb1dd3e872d', '4c8a413f-f8e2-413f-b3f2-73200759d77a', 'singles', 3, '松本 隼', NULL, '早川悠佑', NULL, 4, 1, 'win', '2025-05-10 09:37:08.498763+00', '2025-05-10 09:37:08.498763+00'),
('3f8bbc29-8858-47ec-a666-0cdd85667e97', '8008d123-5214-482a-8c4f-d6241413509c', 'doubles', 5, '乾 楓雅', '松野 晃大', '間庭', '小山', 5, 3, 'win', '2025-11-15 04:25:47.394297+00', '2025-11-15 04:25:47.394297+00'),
('41507925-756a-4d90-b848-8ff55bbe70ed', '4c8a413f-f8e2-413f-b3f2-73200759d77a', 'doubles', 2, '木村 奏都', '藤田 颯汰', '笹井', '白幡', 3, 5, 'loss', '2025-05-10 09:37:08.498763+00', '2025-05-10 09:37:08.498763+00'),
('42407d27-1a80-4d32-9dcb-4abea11d17fe', '68b40ef5-9364-4e74-b260-ac3f71f07f64', 'doubles', 2, '木村 奏都', '松本 隼', '高田', '松本', 5, 4, 'win', '2025-11-23 00:37:12.642496+00', '2025-11-23 00:37:12.642496+00'),
('4546de9a-96ae-422f-8eeb-c42f15484479', '14953216-c706-4f0c-9f95-6e7f5b2b2cad', 'doubles', 3, '髙橋 稜空', '鳥竹 柊生', '佐々木', '増中', 2, 4, 'loss', '2025-04-19 09:30:58.563701+00', '2025-04-19 09:30:58.563701+00'),
('46ad55c7-e86f-49c6-9468-7bf314ab5b87', '16ba5095-27e7-4d9b-8c30-5a0a2e7f90d7', 'doubles', 5, '木村 奏都', '松本 隼', '平川', '玉置', 4, 3, 'win', '2025-08-30 05:52:04.736855+00', '2025-08-30 05:52:04.736855+00'),
('49f1341b-2947-45c0-864d-3ec3105097b0', '071221a8-ed4c-472f-8058-8596014a8ab1', 'doubles', 1, '乾 楓雅', '松野 晃大', '片岡', '黒坂', 1, 4, 'loss', '2025-08-30 20:51:50.265455+00', '2025-08-30 20:51:50.265455+00'),
('4c84df66-15f8-4050-8eac-ead6aad74b26', '68b40ef5-9364-4e74-b260-ac3f71f07f64', 'doubles', 4, '青木 真尋', '反保 皐聖', '平岩', '大竹', 3, 5, 'loss', '2025-11-23 00:37:12.642496+00', '2025-11-23 00:37:12.642496+00'),
('4d11d22f-b844-4ec0-8862-7efdadd37a40', 'd197f99e-a90d-4ceb-8bdf-5adde1bcdd41', 'doubles', 2, '大家 健慎', '村松 優', '渡邉', '松田', 5, 1, 'win', '2025-05-09 06:21:41.568239+00', '2025-05-09 06:21:41.568239+00'),
('4db02c61-cbc7-4938-a557-086a5715de74', '51a47f06-1464-4cda-a9c0-513c192d0498', 'doubles', 5, '嶋田', '佐藤', '山賀', '平林', 3, 5, 'loss', '2025-04-19 11:00:33.416904+00', '2025-04-19 11:00:33.416904+00'),
('505fa5e9-8f81-4b2b-b7e7-15c703158b82', '8008d123-5214-482a-8c4f-d6241413509c', 'doubles', 2, '脇田 大吉', '村松 優', '米川', '上田', 1, 5, 'loss', '2025-11-15 04:25:47.394297+00', '2025-11-15 04:25:47.394297+00'),
('521cc90a-e5f3-4d17-8559-8e9fc24ae4b1', '8008d123-5214-482a-8c4f-d6241413509c', 'doubles', 1, '木村 奏都', '松本 隼', '小宮', '木内', 5, 3, 'win', '2025-11-15 04:25:47.394297+00', '2025-11-15 04:25:47.394297+00'),
('583875c2-bb92-4da2-8f06-32e51f0d9cb8', '51a47f06-1464-4cda-a9c0-513c192d0498', 'doubles', 2, '木村', '反保', '相澤', '渡邉', 4, 3, 'win', '2025-04-19 11:00:33.416904+00', '2025-04-19 11:00:33.416904+00'),
('58d3e0d7-3f92-44f8-b640-e1447b8b1730', '2b235221-fbf4-4712-b0a1-b5af25534313', 'doubles', 2, '木村 奏都', '松本 隼', '大和', '岩崎', 2, 5, 'loss', '2025-11-16 02:19:16.674189+00', '2025-11-16 02:19:16.674189+00'),
('5c58685b-83a8-4827-9527-d3bde228c210', 'd92d4996-1060-49c0-8c7d-68bc142faf30', 'doubles', 4, '青木 真尋', '高木 琉惺', '川崎', '森', 0, 4, 'loss', '2025-11-14 23:35:57.675535+00', '2025-11-14 23:35:57.675535+00'),
('60a514ea-f28a-478b-8559-b94d1034ac8f', '4c8a413f-f8e2-413f-b3f2-73200759d77a', 'doubles', 5, '乾 楓雅', '松野 晃大', '北田', '北爪', 5, 2, 'win', '2025-05-10 09:37:08.498763+00', '2025-05-10 09:37:08.498763+00'),
('66202979-3eef-46ad-a729-da2b9f64dd78', 'bfcf32ff-4aac-4e33-a63d-9f94f8c34d8e', 'doubles', 5, '青木 真尋', '高木 琉惺', '前岡', '榊原', 4, 3, 'win', '2025-09-20 02:46:11.896278+00', '2025-09-20 02:46:11.896278+00'),
('6657df89-5e22-4c58-a22e-452e57d51c1f', '51a47f06-1464-4cda-a9c0-513c192d0498', 'doubles', 3, '大倉', '間瀬', '角田', '伊藤', 0, 1, 'loss', '2025-04-19 11:00:33.416904+00', '2025-04-19 11:00:33.416904+00'),
('66b11926-3a21-40c9-a2be-43d44368e906', 'd197f99e-a90d-4ceb-8bdf-5adde1bcdd41', 'doubles', 1, '木村 奏都', '藤田 颯汰', '田中', '井手', 5, 1, 'win', '2025-05-09 06:21:41.568239+00', '2025-05-09 06:21:41.568239+00'),
('6818d1b3-3b3b-4679-86e2-63c6c384dac2', '49d00721-5fbe-470f-8263-4ee9da7fdd53', 'doubles', 2, '沼田 青緯', '鳥竹 柊生', '児玉', '高橋', 4, 2, 'win', '2025-09-20 00:51:48.122384+00', '2025-09-20 00:51:48.122384+00'),
('6a0a999b-7ff8-48fa-a00d-f10abe630b7d', 'd197f99e-a90d-4ceb-8bdf-5adde1bcdd41', 'singles', 3, '松本 隼', NULL, '千葉琉翔', NULL, 4, 1, 'win', '2025-05-09 06:21:41.568239+00', '2025-05-09 06:21:41.568239+00'),
('74b61cdc-1fcf-4bcb-a834-16cbf29e9dc4', '2b235221-fbf4-4712-b0a1-b5af25534313', 'doubles', 1, '脇田 大吉', '村松 優', '田川', '吉良', 1, 5, 'loss', '2025-11-16 02:19:16.674189+00', '2025-11-16 02:19:16.674189+00'),
('7603fcfa-96ce-4373-a018-283c74541e96', '7c9c96af-42f4-4515-868d-7c68ba224430', 'singles', 4, '大家 健慎', NULL, '飯田 航仁', NULL, 1, 4, 'loss', '2025-04-19 23:57:00.236185+00', '2025-04-19 23:57:00.236185+00'),
('79631c44-2bdc-4efa-aad2-a647edf07f0b', '51a47f06-1464-4cda-a9c0-513c192d0498', 'doubles', 1, '柴', '高木', '火山', '真下', 2, 4, 'loss', '2025-04-19 11:00:33.416904+00', '2025-04-19 11:00:33.416904+00'),
('796fee86-ee80-4797-9d97-3c28a33eb34c', '4098162d-ceea-4304-b9fa-bf53040e6bac', 'doubles', 2, '木村 奏都', '松本 隼', '堂ヶ平', '加藤', 4, 0, 'win', '2025-08-30 05:47:06.647345+00', '2025-08-30 05:47:06.647345+00'),
('7bf8ad0f-28c9-4f2a-acad-7fc49d6bcfa2', '8e95bc33-e13a-4118-b698-70be11861de7', 'doubles', 5, '乾', '松野', '根田', '飯干', 5, 3, 'win', '2025-05-19 23:32:55.833502+00', '2025-05-19 23:32:55.833502+00'),
('80ac0992-ed64-4e4c-97d6-ac650bcf2eaf', '286cf880-b68b-4c07-b1fa-3c3b24639fcd', 'singles', 3, '大家 健慎', NULL, '橋場 柊一郎', NULL, 0, 4, 'loss', '2025-11-15 23:35:47.198308+00', '2025-11-15 23:35:47.198308+00'),
('80c09b57-7e13-4f67-a135-25c7826c0d27', '2eae3895-47f2-44ba-8f7b-470c5b848772', 'doubles', 5, '脇田 大吉', '藤田 颯汰', '倉持', '増中', 0, 4, 'loss', '2025-09-20 04:36:59.529926+00', '2025-09-20 04:36:59.529926+00'),
('8278a019-75c4-432d-803b-6ad43a28f9d1', '16ba5095-27e7-4d9b-8c30-5a0a2e7f90d7', 'doubles', 2, '木村 奏都', '松本 隼', '岩井', '関', 4, 0, 'win', '2025-08-30 05:52:04.736855+00', '2025-08-30 05:52:04.736855+00'),
('84478ad9-d53b-4b74-92b3-edecb721d012', '6b53d70b-5c2e-409a-ad83-988d672cfda4', 'doubles', 2, '沼田 青緯', '藤田 颯汰', '今田', '國松', 1, 4, 'loss', '2025-09-21 03:18:14.909382+00', '2025-09-21 03:18:14.909382+00'),
('84869340-e667-4f83-bfed-780347c642da', '67daf138-578d-48a1-955b-601929a8d629', 'doubles', 5, '乾 楓雅', '松野 晃大', '児玉', '伊藤', 5, 3, 'win', '2025-05-09 14:13:59.829669+00', '2025-05-09 14:13:59.829669+00'),
('851e5e53-8d5d-4e0c-9e04-5a105260b786', '6b53d70b-5c2e-409a-ad83-988d672cfda4', 'singles', 3, '大家 健慎', NULL, '菅原伯斗', NULL, 4, 0, 'win', '2025-09-21 03:18:14.909382+00', '2025-09-21 03:18:14.909382+00'),
('867f5981-d744-47f1-9eee-5feae1ffa6c5', 'ab7c70da-332f-413c-8cfe-7437c9f56184', 'doubles', 4, '木村 奏都', '松本 隼', '森川', '初鹿', 4, 2, 'win', '2025-07-06 09:28:35.24397+00', '2025-07-06 09:28:35.24397+00'),
('86a3a666-490d-4288-ae3a-420e19081001', 'bfcf32ff-4aac-4e33-a63d-9f94f8c34d8e', 'doubles', 1, '大倉 丞太郎', '反保 皐聖', '峯岸', '峯', 1, 4, 'loss', '2025-09-20 02:46:11.896278+00', '2025-09-20 02:46:11.896278+00'),
('897cdbac-15e9-4d41-8c23-47873e100b55', '5bd5a409-c83a-44cd-babb-afbf8b556b90', 'doubles', 2, '脇田 大吉', '村松 優', '武市', '中尾', 0, 5, 'loss', '2025-11-15 04:32:42.814098+00', '2025-11-15 04:32:42.814098+00'),
('8aad8129-44d0-4ce8-9ceb-38b436ad0750', '14953216-c706-4f0c-9f95-6e7f5b2b2cad', 'doubles', 1, '大家 健慎', '松本 隼', '土方', '佐藤', 4, 2, 'win', '2025-04-19 09:30:58.563701+00', '2025-04-19 09:30:58.563701+00'),
('8f95c419-9aea-43b0-9cc1-662301a8b2de', '14953216-c706-4f0c-9f95-6e7f5b2b2cad', 'doubles', 5, '脇田 大吉', '村松 優', '大和田', '深井', 4, 1, 'win', '2025-04-19 09:30:58.563701+00', '2025-04-19 09:30:58.563701+00'),
('940798d5-b7f3-483a-82b1-bc9b64e2abd7', '51a47f06-1464-4cda-a9c0-513c192d0498', 'doubles', 6, '脇田', '村松', '岩田', '土屋', 4, 2, 'win', '2025-04-19 11:00:33.416904+00', '2025-04-19 11:00:33.416904+00'),
('94a3e93c-0a9b-4941-9333-bcd3ce8968e3', '2eae3895-47f2-44ba-8f7b-470c5b848772', 'doubles', 1, '松村 遼太郎', '西舘 明音', '大和田', '深井', 4, 1, 'win', '2025-09-20 04:36:59.529926+00', '2025-09-20 04:36:59.529926+00'),
('99eb2213-8265-491e-83db-bc3eb6853576', 'ab7c70da-332f-413c-8cfe-7437c9f56184', 'doubles', 1, '青木 真尋', '高木 琉惺', '森川', '初鹿', 1, 4, 'loss', '2025-07-06 09:28:35.24397+00', '2025-07-06 09:28:35.24397+00'),
('9a6ac4f8-f54b-4a65-9280-05d9c23384df', '6b53d70b-5c2e-409a-ad83-988d672cfda4', 'doubles', 1, '木村 奏都', '村松 優', '川崎', '山中', 4, 3, 'win', '2025-09-21 03:18:14.909382+00', '2025-09-21 03:18:14.909382+00'),
('9d1b8a81-8f9f-4372-978d-6572d7f840be', '1be7f6e0-7163-4e7d-8567-45cc78d9d5ce', 'doubles', 2, '根本 翼', '佐川 温斗', '水野', '上松', 4, 1, 'win', '2025-04-19 23:56:25.0951+00', '2025-04-19 23:56:25.0951+00'),
('9d2bb326-591d-4902-8a54-bc2054528892', '7c9c96af-42f4-4515-868d-7c68ba224430', 'doubles', 7, '青木 真尋', '松本 隼', '本杉', '吉良', 3, 3, 'draw', '2025-04-19 23:57:00.236185+00', '2025-04-19 23:57:00.236185+00'),
('9d5066aa-0a72-490b-b444-36b0ad8837e8', '071221a8-ed4c-472f-8058-8596014a8ab1', 'doubles', 4, '木村 奏都', '松本 隼', '片岡', '黒坂', 1, 4, 'loss', '2025-08-30 20:51:50.265455+00', '2025-08-30 20:51:50.265455+00'),
('9fd3190f-56a6-47aa-92de-b3484c24a351', 'd92d4996-1060-49c0-8c7d-68bc142faf30', 'doubles', 2, '沼田 青緯', '藤田 颯汰', '佐藤', '守山', 4, 5, 'loss', '2025-11-14 23:35:57.675535+00', '2025-11-14 23:35:57.675535+00'),
('a02a4f7a-634b-408f-83a4-4bf4d3f0d266', '071221a8-ed4c-472f-8058-8596014a8ab1', 'doubles', 2, '大家 健慎', '藤田 颯汰', '竹田', '安部', 2, 4, 'loss', '2025-08-30 20:51:50.265455+00', '2025-08-30 20:51:50.265455+00'),
('a1fdd6af-faa9-4dca-a5d5-74639b8ff006', '8008d123-5214-482a-8c4f-d6241413509c', 'singles', 3, '大家 健慎', NULL, '坂口 生磨', NULL, 2, 4, 'loss', '2025-11-15 04:25:47.394297+00', '2025-11-15 04:25:47.394297+00'),
('a4b79ed2-8604-4004-81fb-99074e46f616', '2b235221-fbf4-4712-b0a1-b5af25534313', 'singles', 3, '大家 健慎', NULL, '飯田 航仁', NULL, 4, 2, 'win', '2025-11-16 02:19:16.674189+00', '2025-11-16 02:19:16.674189+00'),
('a654e7d6-8545-4cb8-b02a-1b0d11c09d28', '1be7f6e0-7163-4e7d-8567-45cc78d9d5ce', 'doubles', 7, '脇田 大吉', '村松 優', '伊藤', '栗原', 4, 0, 'win', '2025-04-19 23:56:25.0951+00', '2025-04-19 23:56:25.0951+00'),
('a6d1dac7-3258-4904-a8c1-631d39743725', '51a47f06-1464-4cda-a9c0-513c192d0498', 'singles', 4, '保利彰大', NULL, '高橋洸貴', NULL, 4, 3, 'win', '2025-04-19 11:00:33.416904+00', '2025-04-19 11:00:33.416904+00'),
('a84e38d6-4cef-4689-9241-f1f5c6ac0f9b', '4c8a413f-f8e2-413f-b3f2-73200759d77a', 'doubles', 1, '脇田 大吉', '村松 優', '奥田', '豊田', 1, 5, 'loss', '2025-05-10 09:37:08.498763+00', '2025-05-10 09:37:08.498763+00'),
('aaced9a9-7645-4c79-bed7-2427540214b9', '071221a8-ed4c-472f-8058-8596014a8ab1', 'doubles', 3, '木村 奏都', '松本 隼', '根岸', '屋比久', 4, 2, 'win', '2025-08-30 20:51:50.265455+00', '2025-08-30 20:51:50.265455+00'),
('ab4e96e3-b7b2-471d-ace3-e2a91ec6cbb6', '286cf880-b68b-4c07-b1fa-3c3b24639fcd', 'doubles', 2, '菊田 義仁', '佐川 温斗', '田中', '初鹿', 2, 5, 'loss', '2025-11-15 23:35:47.198308+00', '2025-11-15 23:35:47.198308+00'),
('ac55b8ab-c3ee-4426-916c-39d0736c8b1d', 'cf3186a9-cd5f-47d2-a47f-5dd079795523', 'doubles', 1, '木村', '藤田', '川崎', '三浦', 4, 5, 'loss', '2025-05-09 03:39:45.089283+00', '2025-05-09 03:39:45.089283+00'),
('b2680d28-601b-4d25-baae-c9b370f083d1', '4098162d-ceea-4304-b9fa-bf53040e6bac', 'doubles', 1, '大家 健慎', '藤田 颯汰', '家倉', '古川', 4, 0, 'win', '2025-08-30 05:47:06.647345+00', '2025-08-30 05:47:06.647345+00'),
('b2eef453-e0e7-4215-84c6-eee51674d814', 'd92d4996-1060-49c0-8c7d-68bc142faf30', 'doubles', 1, '木村 奏都', '松本 隼', '野口', '黒坂', 2, 5, 'loss', '2025-11-14 23:35:57.675535+00', '2025-11-14 23:35:57.675535+00'),
('b5f213db-6e52-4023-8626-eb3584499225', 'ab7c70da-332f-413c-8cfe-7437c9f56184', 'doubles', 3, '木村 奏都', '松本 隼', '田中', '野本', 4, 2, 'win', '2025-07-06 09:28:35.24397+00', '2025-07-06 09:28:35.24397+00'),
('b7a794df-09ae-40b6-be9d-1d20fa940596', '16ba5095-27e7-4d9b-8c30-5a0a2e7f90d7', 'doubles', 4, '木村 奏都', '松本 隼', '川口', '辻', 4, 0, 'win', '2025-08-30 05:52:04.736855+00', '2025-08-30 05:52:04.736855+00'),
('b92bf6e4-e576-4bc9-a7b5-ff7568f5faf3', 'bfcf32ff-4aac-4e33-a63d-9f94f8c34d8e', 'doubles', 4, '唐澤 季弥', '佐川 温斗', '對馬', '舘野', 3, 4, 'loss', '2025-09-20 02:46:11.896278+00', '2025-09-20 02:46:11.896278+00'),
('b9eb28c1-61ec-4162-9177-bf7996d1cf02', '49d00721-5fbe-470f-8263-4ee9da7fdd53', 'doubles', 4, '山崎 周真', '佐川 温斗', '山賀', '平林', 2, 4, 'loss', '2025-09-20 00:51:48.122384+00', '2025-09-20 00:51:48.122384+00'),
('ba247b35-fc22-4638-9b7a-2e61271c314d', '4c8a413f-f8e2-413f-b3f2-73200759d77a', 'doubles', 4, '青木 真尋', '反保 皐聖', '小田切', '保住', 5, 2, 'win', '2025-05-10 09:37:08.498763+00', '2025-05-10 09:37:08.498763+00'),
('c2caaf04-69ea-4399-b597-19d9bf038950', '5bd5a409-c83a-44cd-babb-afbf8b556b90', 'doubles', 4, '青木 真尋', '高木 琉惺', '西', '関川', 3, 5, 'loss', '2025-11-15 04:32:42.814098+00', '2025-11-15 04:32:42.814098+00'),
('c43c6887-f520-4fbe-ad38-87fab8dd22a5', '14953216-c706-4f0c-9f95-6e7f5b2b2cad', 'singles', 4, '木村 奏都', NULL, '菊池愛叶', NULL, 4, 1, 'win', '2025-04-19 09:30:58.563701+00', '2025-04-19 09:30:58.563701+00'),
('c5aa120a-3cc3-4678-94fa-bef2ec1038c7', '67daf138-578d-48a1-955b-601929a8d629', 'doubles', 2, '大家 健慎', '村松 優', '山賀', '平林', 4, 5, 'loss', '2025-05-09 14:13:59.829669+00', '2025-05-09 14:13:59.829669+00'),
('c5ccc80a-e6b7-4b00-90c3-609860511345', '5bd5a409-c83a-44cd-babb-afbf8b556b90', 'doubles', 5, '乾 楓雅', '松野 晃大', '中川', '谷口', 1, 5, 'loss', '2025-11-15 04:32:42.814098+00', '2025-11-15 04:32:42.814098+00'),
('c6109c6e-c816-4aee-a2bd-d011a92785a7', '68b40ef5-9364-4e74-b260-ac3f71f07f64', 'doubles', 5, '乾 楓雅', '松野 晃大', '浅見', '飯干', 0, 0, NULL, '2025-11-23 00:37:12.642496+00', '2025-11-23 00:37:12.642496+00'),
('c7f7d2c4-9bbb-4b41-82ef-bae922edfa9c', '7c9c96af-42f4-4515-868d-7c68ba224430', 'doubles', 2, '根津 煌大', '林 亮輔', '須田', '金井', 0, 4, 'loss', '2025-04-19 23:57:00.236185+00', '2025-04-19 23:57:00.236185+00'),
('caa34787-5a25-4b92-bd88-2097e17e1b6e', 'cf3186a9-cd5f-47d2-a47f-5dd079795523', 'doubles', 5, '乾', '松野', '平野', '熊木', 5, 4, 'win', '2025-05-09 03:39:45.089283+00', '2025-05-09 03:39:45.089283+00'),
('cc6e2f66-b8a2-4534-9714-51384c155da7', 'd197f99e-a90d-4ceb-8bdf-5adde1bcdd41', 'doubles', 4, '青木 真尋', '反保 皐聖', '相山', '諸三田', 5, 4, 'win', '2025-05-09 06:21:41.568239+00', '2025-05-09 06:21:41.568239+00'),
('cdb35caf-4827-4e03-8a17-77745fb4e5a3', 'd92d4996-1060-49c0-8c7d-68bc142faf30', 'singles', 3, '大家 健慎', NULL, '昼間 悠佑', NULL, 2, 4, 'loss', '2025-11-14 23:35:57.675535+00', '2025-11-14 23:35:57.675535+00'),
('cec39322-d9cd-4eec-976d-041942fba524', 'bfcf32ff-4aac-4e33-a63d-9f94f8c34d8e', 'singles', 3, '大家 健慎', NULL, '小室 昂誠', NULL, 4, 0, 'win', '2025-09-20 02:46:11.896278+00', '2025-09-20 02:46:11.896278+00'),
('cf36790a-e74b-400d-9dc5-e2fb7d5ec7f5', 'ab7c70da-332f-413c-8cfe-7437c9f56184', 'doubles', 5, '木村 奏都', '松本 隼', '橋場', '菊山', 3, 4, 'loss', '2025-07-06 09:28:35.24397+00', '2025-07-06 09:28:35.24397+00'),
('d02a506e-d4eb-4b35-99da-e228e58a943f', '286cf880-b68b-4c07-b1fa-3c3b24639fcd', 'doubles', 4, '青木 真尋', '高木 琉惺', '國松', '松元', 1, 5, 'loss', '2025-11-15 23:35:47.198308+00', '2025-11-15 23:35:47.198308+00'),
('d0ffef0f-5117-439a-b750-30520f8a13b8', '4098162d-ceea-4304-b9fa-bf53040e6bac', 'doubles', 3, '乾 楓雅', '松野 晃大', 'R', 'R', 4, 0, 'win', '2025-08-30 05:47:06.647345+00', '2025-08-30 05:47:06.647345+00'),
('d179b7de-0b5c-4ce2-85ff-a696d1f6a903', '7c9c96af-42f4-4515-868d-7c68ba224430', 'doubles', 5, '沼田 青緯', '佐川 温斗', '田川', '吉村', 1, 4, 'loss', '2025-04-19 23:57:00.236185+00', '2025-04-19 23:57:00.236185+00'),
('d1e62cd2-5f54-4017-929c-1fe617c2939e', '1be7f6e0-7163-4e7d-8567-45cc78d9d5ce', 'doubles', 5, '半田 聖弥', '成島 秀人', '川崎', '三浦', 4, 0, 'win', '2025-04-19 23:56:25.0951+00', '2025-04-19 23:56:25.0951+00'),
('d6e432e9-ed20-4a07-a5bf-6f0f2dd27616', '1be7f6e0-7163-4e7d-8567-45cc78d9d5ce', 'singles', 4, '木村 奏都', NULL, '市川翼', NULL, 4, 3, 'win', '2025-04-19 23:56:25.0951+00', '2025-04-19 23:56:25.0951+00'),
('d803ca28-f46d-45a6-94c2-55969a43b253', '16ba5095-27e7-4d9b-8c30-5a0a2e7f90d7', 'doubles', 3, '乾 楓雅', '松野 晃大', '平川', '玉置', 1, 4, 'loss', '2025-08-30 05:52:04.736855+00', '2025-08-30 05:52:04.736855+00'),
('db21b909-5811-4579-868c-569b18cd6d03', '1be7f6e0-7163-4e7d-8567-45cc78d9d5ce', 'doubles', 6, '根津 煌大', '高木 琉惺', '鈴木', '佐藤', 1, 4, 'loss', '2025-04-19 23:56:25.0951+00', '2025-04-19 23:56:25.0951+00'),
('dc57b149-d230-4c69-84b9-ef733ddfb5db', '67daf138-578d-48a1-955b-601929a8d629', 'doubles', 4, '青木 真尋', '反保 皐聖', '火山', '渡邉', 5, 1, 'win', '2025-05-09 14:13:59.829669+00', '2025-05-09 14:13:59.829669+00'),
('de28eaa9-78f0-40be-9ed6-e677bf1b613d', 'bfcf32ff-4aac-4e33-a63d-9f94f8c34d8e', 'doubles', 2, '成島 秀人', '半田 聖弥', '高橋', '名取', 4, 2, 'win', '2025-09-20 02:46:11.896278+00', '2025-09-20 02:46:11.896278+00'),
('dfa9af45-8361-4477-8caa-e02e1d9fecf0', '2eae3895-47f2-44ba-8f7b-470c5b848772', 'doubles', 4, '髙橋 稜空', '八ッ橋 大陸', '宮本', '近藤', 2, 4, 'loss', '2025-09-20 04:36:59.529926+00', '2025-09-20 04:36:59.529926+00'),
('e337c79c-2b0c-41ee-b26c-38e5297e6aa7', '0d550963-4898-4772-a157-a0ffb6fafe50', 'doubles', 2, '根津 煌大', '市村 大地', '古幡', '山本', 2, 4, 'loss', '2025-09-21 01:45:52.778892+00', '2025-09-21 01:45:52.778892+00'),
('e4d20cf2-5c6a-491f-a076-ea6b0f82cf96', 'ab7c70da-332f-413c-8cfe-7437c9f56184', 'doubles', 2, '乾 楓雅', '反保 皐聖', '橋場', '菊山', 1, 4, 'loss', '2025-07-06 09:28:35.24397+00', '2025-07-06 09:28:35.24397+00'),
('e85cccee-7f3d-4abc-8159-506fece78f98', '49d00721-5fbe-470f-8263-4ee9da7fdd53', 'doubles', 5, '乾 楓雅', '村松 優', '真下', '鎌田', 4, 3, 'win', '2025-09-20 00:51:48.122384+00', '2025-09-20 00:51:48.122384+00'),
('e9be97cd-9b57-4fc9-a389-87101f9564d8', '2b235221-fbf4-4712-b0a1-b5af25534313', 'doubles', 4, '沼田 青緯', '藤田 颯汰', '川崎', '山中', 0, 5, 'loss', '2025-11-16 02:19:16.674189+00', '2025-11-16 02:19:16.674189+00'),
('ed133e6b-2d69-494c-9aa9-e64031621e02', '7c9c96af-42f4-4515-868d-7c68ba224430', 'doubles', 1, '木村', '藤田', '川崎', '菅原', 4, 2, 'win', '2025-04-19 23:57:00.236185+00', '2025-04-19 23:57:00.236185+00'),
('f07d7dab-f911-4e70-8572-74d9ff80d491', '14953216-c706-4f0c-9f95-6e7f5b2b2cad', 'doubles', 7, '青木 真尋', '反保 皐聖', '倉持', '八須', 4, 3, 'win', '2025-04-19 09:30:58.563701+00', '2025-04-19 09:30:58.563701+00'),
('f134760a-ef9c-407a-9c4f-bb09800ec766', '5bd5a409-c83a-44cd-babb-afbf8b556b90', 'doubles', 1, '木村 奏都', '松本 隼', '若林', '板舛', 5, 2, 'win', '2025-11-15 04:32:42.814098+00', '2025-11-15 04:32:42.814098+00'),
('f4cd4a23-faa5-4c40-966a-8cebadd85ef1', '67daf138-578d-48a1-955b-601929a8d629', 'singles', 3, '松本 隼', NULL, '高橋 洸喜', NULL, 4, 0, 'win', '2025-05-09 14:13:59.829669+00', '2025-05-09 14:13:59.829669+00'),
('fa0eb9d3-6c31-4798-ad86-a2638e0c9228', '0d550963-4898-4772-a157-a0ffb6fafe50', 'doubles', 1, '脇田 大吉', '村松 優', '相山', '松田', 1, 4, 'loss', '2025-09-21 01:45:52.778892+00', '2025-09-21 01:45:52.778892+00'),
('fb67e31f-07a3-4a63-a505-44953c60d81e', '51a47f06-1464-4cda-a9c0-513c192d0498', 'doubles', 7, '鍛代', '松野', '児王', '吉野', 0, 4, 'loss', '2025-04-19 11:00:33.416904+00', '2025-04-19 11:00:33.416904+00'),
('fd314805-5414-4288-864f-3795636807bc', 'd197f99e-a90d-4ceb-8bdf-5adde1bcdd41', 'doubles', 5, '乾 楓雅', '松野 晃大', '砂山', '新部', 5, 1, 'win', '2025-05-09 06:21:41.568239+00', '2025-05-09 06:21:41.568239+00'),
('fd931c39-18b3-4101-a746-77cb785fcbe9', '49d00721-5fbe-470f-8263-4ee9da7fdd53', 'singles', 3, '柴 誠太郎', NULL, '相澤波月', NULL, 3, 4, 'loss', '2025-09-20 00:51:48.122384+00', '2025-09-20 00:51:48.122384+00'),
('fee65193-2e06-4b5b-8dc5-4d1a52897efe', '8008d123-5214-482a-8c4f-d6241413509c', 'doubles', 4, '沼田 青緯', '藤田 颯汰', '中村', '岡田', 2, 5, 'loss', '2025-11-15 04:25:47.394297+00', '2025-11-15 04:25:47.394297+00');

INSERT INTO annual_schedules (id, date, title, description, tournament_id, created_at, updated_at) VALUES
('08c127a4-4d5c-40f8-ae3d-e72586abb898', '2025-05-11', '関東学生ソフトテニス春季リーグ戦', NULL, NULL, '2025-04-16 14:57:55.082439+00', '2026-01-10 08:26:26.550178+00'),
('15ac651e-d2e2-45f2-89c0-55e4acfd9330', '2025-11-02', '関東学生ソフトテニス秋季リーグ戦', NULL, NULL, '2025-04-16 14:59:37.941939+00', '2026-01-10 08:26:26.550178+00'),
('2ae8959a-9b49-4c03-922c-9c6a26411fd9', '2025-04-19', '２０２５年度春季首都リーグ', NULL, NULL, '2025-04-16 15:12:19.921836+00', '2026-01-10 08:26:26.550178+00'),
('684e6476-af22-4f32-af35-af471c200c08', '2025-04-13', '2026年度関東オープン', NULL, NULL, '2025-04-16 14:43:31.205585+00', '2026-04-18 21:53:02.202876+00'),
('da7e2204-6c80-4c91-9e1b-c4ea8d735f25', '2025-05-03', '関東学生シングルス', NULL, NULL, '2025-04-16 14:47:52.104341+00', '2026-01-10 08:26:26.550178+00'),
('df88be25-3e02-42f7-b3ba-2d357ab17ab3', '2025-10-19', '関東学生ソフトテニス新進大会', NULL, NULL, '2025-04-16 14:59:13.194505+00', '2026-01-10 08:26:26.550178+00'),
('e144c17a-aa05-4c50-951f-35e1d33cb65e', '2025-05-13', '関東学生ソフトテニス選手権', NULL, NULL, '2025-04-16 14:58:14.971583+00', '2026-01-10 08:26:26.550178+00');

INSERT INTO maintenance_settings (id, is_maintenance_mode, maintenance_message, updated_at, updated_by) VALUES
('13f37c6e-b54e-43aa-98d5-86cb479f1a15', 1, 'システムメンテナンス中です。しばらくお待ちください。', '2026-04-08 05:06:30.043+00', NULL);

INSERT INTO media_assets (id, object_key, url, size, content_type, created_at) VALUES
('f2b245ec-61d7-4480-9f87-2270ec7b3a2e', 'storage/v1/object/public/images/0.6102904560875099.jpeg', 'https://bfdkmicqyvirpzginkia.supabase.co/storage/v1/object/public/images/0.6102904560875099.jpeg', 0, 'application/octet-stream', '2026-04-29T12:57:05.125Z'),
('2f289e5c-7242-48ab-9bdd-83c34a1f8fa0', 'storage/v1/object/public/images/0.7907990844478072.jpeg', 'https://bfdkmicqyvirpzginkia.supabase.co/storage/v1/object/public/images/0.7907990844478072.jpeg', 0, 'application/octet-stream', '2026-04-29T12:57:05.125Z'),
('48c4c71d-29f3-42e2-9bd1-330cb0674029', 'storage/v1/object/public/images/0.5575156619273033.jpg', 'https://bfdkmicqyvirpzginkia.supabase.co/storage/v1/object/public/images/0.5575156619273033.jpg', 0, 'application/octet-stream', '2026-04-29T12:57:05.126Z'),
('402b5b5b-1f6a-4a1f-8604-3d154819ebe2', 'storage/v1/object/public/images/0.25543061675433687.png', 'https://bfdkmicqyvirpzginkia.supabase.co/storage/v1/object/public/images/0.25543061675433687.png', 0, 'application/octet-stream', '2026-04-29T12:57:05.126Z'),
('55100d3c-8d31-4903-9b46-39c3bd277d08', 'storage/v1/object/public/images/0.16699856802263824.jpg', 'https://bfdkmicqyvirpzginkia.supabase.co/storage/v1/object/public/images/0.16699856802263824.jpg', 0, 'application/octet-stream', '2026-04-29T12:57:05.126Z'),
('b6f63d24-9d35-4a06-a76e-ef1d29d7cc40', 'storage/v1/object/public/images/0.5061251277751492.jpg', 'https://bfdkmicqyvirpzginkia.supabase.co/storage/v1/object/public/images/0.5061251277751492.jpg', 0, 'application/octet-stream', '2026-04-29T12:57:05.126Z'),
('6e61906b-04e7-47a5-ad88-f27a3b8aa4d7', 'storage/v1/object/public/images/0.7778094530986286.jpg', 'https://bfdkmicqyvirpzginkia.supabase.co/storage/v1/object/public/images/0.7778094530986286.jpg', 0, 'application/octet-stream', '2026-04-29T12:57:05.126Z'),
('9f06ff3a-c6a5-4325-adc8-f168f000a24b', 'storage/v1/object/public/images/0.1463267970384916.png', 'https://bfdkmicqyvirpzginkia.supabase.co/storage/v1/object/public/images/0.1463267970384916.png', 0, 'application/octet-stream', '2026-04-29T12:57:05.126Z'),
('a0e19762-e7fa-4aed-9f65-b9356ce6529a', 'storage/v1/object/public/images/0.24386251770391332.png', 'https://bfdkmicqyvirpzginkia.supabase.co/storage/v1/object/public/images/0.24386251770391332.png', 0, 'application/octet-stream', '2026-04-29T12:57:05.126Z'),
('c6873017-4b0b-4023-ba1a-410bc7ac7e60', 'storage/v1/object/public/images/0.16077481078503142.jpeg', 'https://bfdkmicqyvirpzginkia.supabase.co/storage/v1/object/public/images/0.16077481078503142.jpeg', 0, 'application/octet-stream', '2026-04-29T12:57:05.126Z'),
('27dc12b0-2858-4fd0-b3b5-dae913fa91d0', 'storage/v1/object/public/images/0.9971744044629166.png', 'https://bfdkmicqyvirpzginkia.supabase.co/storage/v1/object/public/images/0.9971744044629166.png', 0, 'application/octet-stream', '2026-04-29T12:57:05.126Z'),
('600b1e22-19ee-41f7-b8f8-52692f6f8c17', 'storage/v1/object/public/images/0.23262847194938263.png', 'https://bfdkmicqyvirpzginkia.supabase.co/storage/v1/object/public/images/0.23262847194938263.png', 0, 'application/octet-stream', '2026-04-29T12:57:05.126Z'),
('6289f0c8-1c62-4f05-9043-ce4268fc2ffc', 'media/Gm4p6fIbIAATiLV', 'https://pbs.twimg.com/media/Gm4p6fIbIAATiLV?format=jpg&name=medium', 0, 'application/octet-stream', '2026-04-29T12:57:05.126Z'),
('b24ea487-cbaa-47ac-ade8-dc78a67dc2d1', 'storage/v1/object/public/images/0.486030913974287.jpg', 'https://bfdkmicqyvirpzginkia.supabase.co/storage/v1/object/public/images/0.486030913974287.jpg', 0, 'application/octet-stream', '2026-04-29T12:57:05.126Z'),
('1c3f6cc9-6da8-45ab-8ecd-446458c86bbe', 'storage/v1/object/public/images/0.37812647881120054.png', 'https://bfdkmicqyvirpzginkia.supabase.co/storage/v1/object/public/images/0.37812647881120054.png', 0, 'application/octet-stream', '2026-04-29T12:57:05.126Z'),
('c815e0a0-d1d0-4041-96fc-49bc691a3567', 'storage/v1/object/public/images/0.3152540467880913.png', 'https://bfdkmicqyvirpzginkia.supabase.co/storage/v1/object/public/images/0.3152540467880913.png', 0, 'application/octet-stream', '2026-04-29T12:57:05.126Z'),
('33d0989b-2b3e-4b23-9cff-8bf9821ecf98', 'storage/v1/object/public/images/0.36643999854211806.png', 'https://bfdkmicqyvirpzginkia.supabase.co/storage/v1/object/public/images/0.36643999854211806.png', 0, 'application/octet-stream', '2026-04-29T12:57:05.126Z'),
('4b21b4ea-a0d9-459d-932c-45abd4058a74', 'storage/v1/object/public/images/0.7565067801524927.png', 'https://bfdkmicqyvirpzginkia.supabase.co/storage/v1/object/public/images/0.7565067801524927.png', 0, 'application/octet-stream', '2026-04-29T12:57:05.126Z'),
('09123204-a44f-4de7-8b41-86fd3f3ab764', 'media/GsXUdyYa4AAwNoi', 'https://pbs.twimg.com/media/GsXUdyYa4AAwNoi?format=jpg&name=900x900', 0, 'application/octet-stream', '2026-04-29T12:57:05.126Z'),
('700b6213-6cef-4228-8ae9-838ad4e7e6d5', 'storage/v1/object/public/images/0.28660232698536603.jpg', 'https://bfdkmicqyvirpzginkia.supabase.co/storage/v1/object/public/images/0.28660232698536603.jpg', 0, 'application/octet-stream', '2026-04-29T12:57:05.126Z'),
('e71be0f7-b3e2-44f2-a724-83b069e619ce', 'storage/v1/object/public/images/0.895373373314402.jpeg', 'https://bfdkmicqyvirpzginkia.supabase.co/storage/v1/object/public/images/0.895373373314402.jpeg', 0, 'application/octet-stream', '2026-04-29T12:57:05.126Z'),
('6bee3a55-4fab-4649-8fe7-6d6448528b3a', 'storage/v1/object/public/images/0.9267408608876063.jpeg', 'https://bfdkmicqyvirpzginkia.supabase.co/storage/v1/object/public/images/0.9267408608876063.jpeg', 0, 'application/octet-stream', '2026-04-29T12:57:05.126Z'),
('0a2273ce-e61d-4167-952a-4b0800b7b696', 'storage/v1/object/public/images/0.31953243528619524.jpeg', 'https://bfdkmicqyvirpzginkia.supabase.co/storage/v1/object/public/images/0.31953243528619524.jpeg', 0, 'application/octet-stream', '2026-04-29T12:57:05.126Z'),
('c4569dbb-3ae0-4253-8839-fb65b6f75f46', 'media/F0LW4aRaIAEX9zU', 'https://pbs.twimg.com/media/F0LW4aRaIAEX9zU?format=jpg&name=medium', 0, 'application/octet-stream', '2026-04-29T12:57:05.126Z'),
('7dca38b7-3977-4293-9f28-d90d2ff936fa', 'storage/v1/object/public/images/0.1930544610241689.jpeg', 'https://bfdkmicqyvirpzginkia.supabase.co/storage/v1/object/public/images/0.1930544610241689.jpeg', 0, 'application/octet-stream', '2026-04-29T12:57:05.126Z'),
('5b3747f0-d88f-4463-8ff0-12ed549ae9e1', 'storage/v1/object/public/images/0.60854366143091.jpeg', 'https://bfdkmicqyvirpzginkia.supabase.co/storage/v1/object/public/images/0.60854366143091.jpeg', 0, 'application/octet-stream', '2026-04-29T12:57:05.126Z'),
('a5a62bda-1646-416c-a5e5-c91852112922', 'storage/v1/object/public/images/0.6453674083564188.jpeg', 'https://bfdkmicqyvirpzginkia.supabase.co/storage/v1/object/public/images/0.6453674083564188.jpeg', 0, 'application/octet-stream', '2026-04-29T12:57:05.126Z'),
('24b835e7-323a-46ec-8ccc-b2053486bb39', 'storage/v1/object/public/images/0.21301022273647452.jpeg', 'https://bfdkmicqyvirpzginkia.supabase.co/storage/v1/object/public/images/0.21301022273647452.jpeg', 0, 'application/octet-stream', '2026-04-29T12:57:05.126Z'),
('d5457912-e353-4ae8-8c35-332fcd7f0d0e', 'storage/v1/object/public/images/0.9349326900402177.jpg', 'https://bfdkmicqyvirpzginkia.supabase.co/storage/v1/object/public/images/0.9349326900402177.jpg', 0, 'application/octet-stream', '2026-04-29T12:57:05.126Z'),
('e7eb3f9f-7982-441d-aa5b-f1aa11d9eaba', 'media/GTXbJPObIAAxbW6', 'https://pbs.twimg.com/media/GTXbJPObIAAxbW6?format=jpg&name=large', 0, 'application/octet-stream', '2026-04-29T12:57:05.126Z'),
('2746bbe7-02a8-4529-be21-210e68eea708', 'storage/v1/object/public/images/0.706604906731462.jpeg', 'https://bfdkmicqyvirpzginkia.supabase.co/storage/v1/object/public/images/0.706604906731462.jpeg', 0, 'application/octet-stream', '2026-04-29T12:57:05.126Z'),
('2e680fdf-68d5-4f15-9852-51e1191f3b4c', 'media/F0LVeupaQAAJxgY', 'https://pbs.twimg.com/media/F0LVeupaQAAJxgY?format=jpg&name=medium', 0, 'application/octet-stream', '2026-04-29T12:57:05.126Z'),
('32ba8970-fbde-4192-8dd5-427938f1ee68', 'storage/v1/object/public/images/0.6410052304078632.jpeg', 'https://bfdkmicqyvirpzginkia.supabase.co/storage/v1/object/public/images/0.6410052304078632.jpeg', 0, 'application/octet-stream', '2026-04-29T12:57:05.126Z'),
('19f7ffb2-6788-4267-af8d-31dc63c75782', 'storage/v1/object/public/images/0.044930465774826955.jpeg', 'https://bfdkmicqyvirpzginkia.supabase.co/storage/v1/object/public/images/0.044930465774826955.jpeg', 0, 'application/octet-stream', '2026-04-29T12:57:05.126Z'),
('14419549-fd28-4248-a794-7ec4b87210d3', 'media/GTXdMf3bkAAThQD', 'https://pbs.twimg.com/media/GTXdMf3bkAAThQD?format=jpg&name=900x900', 0, 'application/octet-stream', '2026-04-29T12:57:05.126Z'),
('7b9d0ab2-9fa6-4a99-9d60-84f4c8602672', 'storage/v1/object/public/images/0.561281452197226.jpeg', 'https://bfdkmicqyvirpzginkia.supabase.co/storage/v1/object/public/images/0.561281452197226.jpeg', 0, 'application/octet-stream', '2026-04-29T12:57:05.126Z'),
('417aa5b9-f060-4997-b74d-ba162aa350a2', 'media/F0LUWnXaIAAA_lu', 'https://pbs.twimg.com/media/F0LUWnXaIAAA_lu?format=jpg&name=900x900', 0, 'application/octet-stream', '2026-04-29T12:57:05.126Z'),
('c2fe6666-41e0-426b-af89-537a95ff099d', 'media/GTX0m-SagAEA1l7', 'https://pbs.twimg.com/media/GTX0m-SagAEA1l7?format=jpg&name=900x900', 0, 'application/octet-stream', '2026-04-29T12:57:05.126Z'),
('0ad51ed3-f9b9-43af-9835-479c75a8b507', 'media/GQ4zkZibwAc1jaY', 'https://pbs.twimg.com/media/GQ4zkZibwAc1jaY?format=jpg&name=medium', 0, 'application/octet-stream', '2026-04-29T12:57:05.126Z'),
('0e4bafa2-07b3-4617-a0bf-89cb5b60e237', 'storage/v1/object/public/images/0.5717919872901779.jpg', 'https://bfdkmicqyvirpzginkia.supabase.co/storage/v1/object/public/images/0.5717919872901779.jpg', 0, 'application/octet-stream', '2026-04-29T12:57:05.126Z'),
('0cb1fbce-e3e1-4c7b-8b37-0cea257cc8d0', 'storage/v1/object/public/images/0.5494521651484515.jpeg', 'https://bfdkmicqyvirpzginkia.supabase.co/storage/v1/object/public/images/0.5494521651484515.jpeg', 0, 'application/octet-stream', '2026-04-29T12:57:05.126Z'),
('15314436-866a-466d-a211-0503a7638bf6', 'media/GTXevb1agAATp7c', 'https://pbs.twimg.com/media/GTXevb1agAATp7c?format=jpg&name=900x900', 0, 'application/octet-stream', '2026-04-29T12:57:05.126Z'),
('421e3b25-cb32-4106-ad9e-7ca587fe5cf6', 'media/GQ4xE1EaQAEK2-w', 'https://pbs.twimg.com/media/GQ4xE1EaQAEK2-w?format=jpg&name=900x900', 0, 'application/octet-stream', '2026-04-29T12:57:05.126Z'),
('b6541422-698e-4bff-a98f-e0ca0c1dee7b', 'storage/v1/object/public/images/0.927931323983294.jpeg', 'https://bfdkmicqyvirpzginkia.supabase.co/storage/v1/object/public/images/0.927931323983294.jpeg', 0, 'application/octet-stream', '2026-04-29T12:57:05.126Z'),
('3ebefa81-2155-46be-9643-e2c15aa0c098', 'storage/v1/object/public/images/0.4111519914595356.jpg', 'https://bfdkmicqyvirpzginkia.supabase.co/storage/v1/object/public/images/0.4111519914595356.jpg', 0, 'application/octet-stream', '2026-04-29T12:57:05.126Z'),
('82e34eb4-b101-47fc-b898-2a87a1cfcedc', 'media/F0Y7-o8aEAAEqax', 'https://pbs.twimg.com/media/F0Y7-o8aEAAEqax?format=jpg&name=900x900', 0, 'application/octet-stream', '2026-04-29T12:57:05.126Z'),
('67be1d51-bbe0-4ccc-8fee-d92ac07e4f11', 'storage/v1/object/public/images/0.5135636259455959.jpeg', 'https://bfdkmicqyvirpzginkia.supabase.co/storage/v1/object/public/images/0.5135636259455959.jpeg', 0, 'application/octet-stream', '2026-04-29T12:57:05.126Z'),
('4742a6f7-2d61-4343-932d-8fe955aaf93f', 'media/F0LUmA8akAEBoOA', 'https://pbs.twimg.com/media/F0LUmA8akAEBoOA?format=jpg&name=900x900', 0, 'application/octet-stream', '2026-04-29T12:57:05.126Z'),
('37558ad5-bd86-4b37-a5b1-8769c26b86ea', 'storage/v1/object/public/images/0.6000263477161072.jpeg', 'https://bfdkmicqyvirpzginkia.supabase.co/storage/v1/object/public/images/0.6000263477161072.jpeg', 0, 'application/octet-stream', '2026-04-29T12:57:05.126Z'),
('b563d04e-01ff-4540-bf93-a9be35e12c75', 'media/GQ4yxV4acAAs_qS', 'https://pbs.twimg.com/media/GQ4yxV4acAAs_qS?format=jpg&name=900x900', 0, 'application/octet-stream', '2026-04-29T12:57:05.126Z'),
('c606c249-bdff-4a7a-986b-87d61ff733a7', 'storage/v1/object/public/images/0.42166108312551154.jpeg', 'https://bfdkmicqyvirpzginkia.supabase.co/storage/v1/object/public/images/0.42166108312551154.jpeg', 0, 'application/octet-stream', '2026-04-29T12:57:05.126Z'),
('2d03d575-f850-4232-8345-9ec666b1a9c4', 'media/F0Y68p7aAAIxPXN', 'https://pbs.twimg.com/media/F0Y68p7aAAIxPXN?format=jpg&name=900x900', 0, 'application/octet-stream', '2026-04-29T12:57:05.126Z'),
('fddd989a-e4b8-4565-b097-659e0f8f53b6', 'storage/v1/object/public/images/0.550743247024889.jpg', 'https://bfdkmicqyvirpzginkia.supabase.co/storage/v1/object/public/images/0.550743247024889.jpg', 0, 'application/octet-stream', '2026-04-29T12:57:05.126Z'),
('6a8a5587-cbab-4582-8117-c99830ddc23d', 'media/F0LXzx0akAEWHbi', 'https://pbs.twimg.com/media/F0LXzx0akAEWHbi?format=jpg&name=medium', 0, 'application/octet-stream', '2026-04-29T12:57:05.126Z'),
('aee58a75-4edf-47e4-8c8a-3662ffc4a27f', 'media/F0Y7p_8akAAC_Sy', 'https://pbs.twimg.com/media/F0Y7p_8akAAC_Sy?format=jpg&name=900x900', 0, 'application/octet-stream', '2026-04-29T12:57:05.126Z'),
('1cd47905-76d5-4a3e-bf7c-97a342fac9ad', 'storage/v1/object/public/images/0.9398254988223079.jpg', 'https://bfdkmicqyvirpzginkia.supabase.co/storage/v1/object/public/images/0.9398254988223079.jpg', 0, 'application/octet-stream', '2026-04-29T12:57:05.126Z'),
('211ed8ac-75c4-401d-bfd0-bba20b88ff61', 'storage/v1/object/public/images/0.5374212056481333.jpg', 'https://bfdkmicqyvirpzginkia.supabase.co/storage/v1/object/public/images/0.5374212056481333.jpg', 0, 'application/octet-stream', '2026-04-29T12:57:05.126Z'),
('cc2e7af5-f987-433e-bc66-7d9496d637f4', 'storage/v1/object/public/images/0.30897189834195304.jpeg', 'https://bfdkmicqyvirpzginkia.supabase.co/storage/v1/object/public/images/0.30897189834195304.jpeg', 0, 'application/octet-stream', '2026-04-29T12:57:05.126Z');

